-- AUTO-GENERATED from src/lib/seedData.ts — do not edit by hand.
-- Run after schema.sql. Weights & mark distributions are PLACEHOLDERS; review them.
begin;

insert into subjects (id,title,short_code,icon_emoji,is_active,rank_science,rank_business,rank_humanities,max_cq,max_mcq,max_sq,cq_value_per_q,sq_value_per_q,alt_marks_scheme,cq_label) values ('phy1','পদার্থবিজ্ঞান ১ম পত্র','Physics 1st','⚛️',true,1,null,null,50,25,0,10,2,false,null) on conflict (id) do nothing;
insert into sections (id,subject_id,title,min_cq_required,total_cq_available,cq_value_per_q,sort_order) values ('phy1-s1','phy1','সৃজনশীল প্রশ্ন',5,8,0,0) on conflict (id) do nothing;
insert into chapters (id,section_id,title,est_mcq,est_sq,sort_order) values ('phy1-s1-c1','phy1-s1','১ম অধ্যায়: ভৌত জগৎ ও পরিমাপ',2,0,0) on conflict (id) do nothing;
insert into topics (id,chapter_id,title,weight,sort_order) values ('phy1-s1-c1-t1','phy1-s1-c1','মাত্রা ও মাত্রিক সমীকরণ',90,0) on conflict (id) do nothing;
insert into topics (id,chapter_id,title,weight,sort_order) values ('phy1-s1-c1-t2','phy1-s1-c1','পরিমাপের ত্রুটি ও তাৎপর্যপূর্ণ অঙ্ক',70,1) on conflict (id) do nothing;
insert into topics (id,chapter_id,title,weight,sort_order) values ('phy1-s1-c1-t3','phy1-s1-c1','স্লাইড ক্যালিপার্স ও স্ক্রু গজ',55,2) on conflict (id) do nothing;
insert into chapters (id,section_id,title,est_mcq,est_sq,sort_order) values ('phy1-s1-c2','phy1-s1','২য় অধ্যায়: ভেক্টর',3,0,1) on conflict (id) do nothing;
insert into topics (id,chapter_id,title,weight,sort_order) values ('phy1-s1-c2-t1','phy1-s1-c2','স্কেলার ও ভেক্টর গুণন',90,0) on conflict (id) do nothing;
insert into topics (id,chapter_id,title,weight,sort_order) values ('phy1-s1-c2-t2','phy1-s1-c2','ভেক্টরের লব্ধি ও উপাংশ',80,1) on conflict (id) do nothing;
insert into topics (id,chapter_id,title,weight,sort_order) values ('phy1-s1-c2-t3','phy1-s1-c2','ডেল অপারেটর ও গ্রেডিয়েন্ট',60,2) on conflict (id) do nothing;
insert into chapters (id,section_id,title,est_mcq,est_sq,sort_order) values ('phy1-s1-c3','phy1-s1','৩য় অধ্যায়: গতিবিদ্যা',3,0,2) on conflict (id) do nothing;
insert into topics (id,chapter_id,title,weight,sort_order) values ('phy1-s1-c3-t1','phy1-s1-c3','প্রাসের গতি (Projectile)',95,0) on conflict (id) do nothing;
insert into topics (id,chapter_id,title,weight,sort_order) values ('phy1-s1-c3-t2','phy1-s1-c3','গতির সমীকরণ ও লেখচিত্র',75,1) on conflict (id) do nothing;
insert into topics (id,chapter_id,title,weight,sort_order) values ('phy1-s1-c3-t3','phy1-s1-c3','আপেক্ষিক বেগ',55,2) on conflict (id) do nothing;
insert into chapters (id,section_id,title,est_mcq,est_sq,sort_order) values ('phy1-s1-c4','phy1-s1','৪র্থ অধ্যায়: নিউটনিয়ান বলবিদ্যা',3,0,3) on conflict (id) do nothing;
insert into topics (id,chapter_id,title,weight,sort_order) values ('phy1-s1-c4-t1','phy1-s1-c4','নিউটনের সূত্র ও ভরবেগ সংরক্ষণ',90,0) on conflict (id) do nothing;
insert into topics (id,chapter_id,title,weight,sort_order) values ('phy1-s1-c4-t2','phy1-s1-c4','কেন্দ্রমুখী বল ও ঘূর্ণন',70,1) on conflict (id) do nothing;
insert into topics (id,chapter_id,title,weight,sort_order) values ('phy1-s1-c4-t3','phy1-s1-c4','ঘর্ষণ',55,2) on conflict (id) do nothing;
insert into chapters (id,section_id,title,est_mcq,est_sq,sort_order) values ('phy1-s1-c5','phy1-s1','৫ম অধ্যায়: কাজ, ক্ষমতা ও শক্তি',2,0,4) on conflict (id) do nothing;
insert into topics (id,chapter_id,title,weight,sort_order) values ('phy1-s1-c5-t1','phy1-s1-c5','কাজ-শক্তি উপপাদ্য',85,0) on conflict (id) do nothing;
insert into topics (id,chapter_id,title,weight,sort_order) values ('phy1-s1-c5-t2','phy1-s1-c5','সংরক্ষণশীল বল ও বিভব শক্তি',65,1) on conflict (id) do nothing;
insert into topics (id,chapter_id,title,weight,sort_order) values ('phy1-s1-c5-t3','phy1-s1-c5','ক্ষমতা ও দক্ষতা',50,2) on conflict (id) do nothing;
insert into chapters (id,section_id,title,est_mcq,est_sq,sort_order) values ('phy1-s1-c6','phy1-s1','৬ষ্ঠ অধ্যায়: মহাকর্ষ ও অভিকর্ষ',2,0,5) on conflict (id) do nothing;
insert into topics (id,chapter_id,title,weight,sort_order) values ('phy1-s1-c6-t1','phy1-s1-c6','কেপলারের সূত্র ও মহাকর্ষীয় বিভব',80,0) on conflict (id) do nothing;
insert into topics (id,chapter_id,title,weight,sort_order) values ('phy1-s1-c6-t2','phy1-s1-c6','মুক্তিবেগ ও কৃত্রিম উপগ্রহ',75,1) on conflict (id) do nothing;
insert into topics (id,chapter_id,title,weight,sort_order) values ('phy1-s1-c6-t3','phy1-s1-c6','g-এর তারতম্য',55,2) on conflict (id) do nothing;
insert into chapters (id,section_id,title,est_mcq,est_sq,sort_order) values ('phy1-s1-c7','phy1-s1','৭ম অধ্যায়: পদার্থের গাঠনিক ধর্ম',3,0,6) on conflict (id) do nothing;
insert into topics (id,chapter_id,title,weight,sort_order) values ('phy1-s1-c7-t1','phy1-s1-c7','পীড়ন, বিকৃতি ও ইয়ং গুণাঙ্ক',90,0) on conflict (id) do nothing;
insert into topics (id,chapter_id,title,weight,sort_order) values ('phy1-s1-c7-t2','phy1-s1-c7','পৃষ্ঠটান ও সান্দ্রতা',70,1) on conflict (id) do nothing;
insert into topics (id,chapter_id,title,weight,sort_order) values ('phy1-s1-c7-t3','phy1-s1-c7','স্থিতিস্থাপক বিভব শক্তি',55,2) on conflict (id) do nothing;
insert into chapters (id,section_id,title,est_mcq,est_sq,sort_order) values ('phy1-s1-c8','phy1-s1','৮ম অধ্যায়: পর্যাবৃত্ত গতি',3,0,7) on conflict (id) do nothing;
insert into topics (id,chapter_id,title,weight,sort_order) values ('phy1-s1-c8-t1','phy1-s1-c8','সরল ছন্দিত স্পন্দন (SHM)',95,0) on conflict (id) do nothing;
insert into topics (id,chapter_id,title,weight,sort_order) values ('phy1-s1-c8-t2','phy1-s1-c8','সরল দোলক',70,1) on conflict (id) do nothing;
insert into topics (id,chapter_id,title,weight,sort_order) values ('phy1-s1-c8-t3','phy1-s1-c8','শক্তির রূপান্তর',55,2) on conflict (id) do nothing;
insert into chapters (id,section_id,title,est_mcq,est_sq,sort_order) values ('phy1-s1-c9','phy1-s1','৯ম অধ্যায়: তরঙ্গ',2,0,8) on conflict (id) do nothing;
insert into topics (id,chapter_id,title,weight,sort_order) values ('phy1-s1-c9-t1','phy1-s1-c9','অগ্রগামী ও স্থির তরঙ্গ',80,0) on conflict (id) do nothing;
insert into topics (id,chapter_id,title,weight,sort_order) values ('phy1-s1-c9-t2','phy1-s1-c9','স্বরকম্পাঙ্ক ও সুরশলাকা',65,1) on conflict (id) do nothing;
insert into topics (id,chapter_id,title,weight,sort_order) values ('phy1-s1-c9-t3','phy1-s1-c9','ডপলার ক্রিয়া',60,2) on conflict (id) do nothing;
insert into chapters (id,section_id,title,est_mcq,est_sq,sort_order) values ('phy1-s1-c10','phy1-s1','১০ম অধ্যায়: আদর্শ গ্যাস ও গ্যাসের গতিতত্ত্ব',2,0,9) on conflict (id) do nothing;
insert into topics (id,chapter_id,title,weight,sort_order) values ('phy1-s1-c10-t1','phy1-s1-c10','গ্যাসের সূত্র ও আদর্শ গ্যাস সমীকরণ',80,0) on conflict (id) do nothing;
insert into topics (id,chapter_id,title,weight,sort_order) values ('phy1-s1-c10-t2','phy1-s1-c10','গতিতত্ত্ব ও মূল গড় বর্গবেগ',70,1) on conflict (id) do nothing;
insert into topics (id,chapter_id,title,weight,sort_order) values ('phy1-s1-c10-t3','phy1-s1-c10','গড় গতিশক্তি ও তাপমাত্রা',50,2) on conflict (id) do nothing;

insert into subjects (id,title,short_code,icon_emoji,is_active,rank_science,rank_business,rank_humanities,max_cq,max_mcq,max_sq,cq_value_per_q,sq_value_per_q,alt_marks_scheme,cq_label) values ('phy2','পদার্থবিজ্ঞান ২য় পত্র','Physics 2nd','🧲',true,2,null,null,50,25,0,10,2,false,null) on conflict (id) do nothing;
insert into sections (id,subject_id,title,min_cq_required,total_cq_available,cq_value_per_q,sort_order) values ('phy2-s1','phy2','সৃজনশীল প্রশ্ন',5,8,0,0) on conflict (id) do nothing;
insert into chapters (id,section_id,title,est_mcq,est_sq,sort_order) values ('phy2-s1-c1','phy2-s1','১ম অধ্যায়: তাপগতিবিদ্যা',3,0,0) on conflict (id) do nothing;
insert into topics (id,chapter_id,title,weight,sort_order) values ('phy2-s1-c1-t1','phy2-s1-c1','তাপগতিবিদ্যার ১ম ও ২য় সূত্র',90,0) on conflict (id) do nothing;
insert into topics (id,chapter_id,title,weight,sort_order) values ('phy2-s1-c1-t2','phy2-s1-c1','কার্নো চক্র ও দক্ষতা',80,1) on conflict (id) do nothing;
insert into topics (id,chapter_id,title,weight,sort_order) values ('phy2-s1-c1-t3','phy2-s1-c1','এনট্রপি',55,2) on conflict (id) do nothing;
insert into chapters (id,section_id,title,est_mcq,est_sq,sort_order) values ('phy2-s1-c2','phy2-s1','২য় অধ্যায়: স্থির তড়িৎ',3,0,1) on conflict (id) do nothing;
insert into topics (id,chapter_id,title,weight,sort_order) values ('phy2-s1-c2-t1','phy2-s1-c2','কুলম্বের সূত্র ও তড়িৎক্ষেত্র',85,0) on conflict (id) do nothing;
insert into topics (id,chapter_id,title,weight,sort_order) values ('phy2-s1-c2-t2','phy2-s1-c2','ধারক ও ধারকত্ব',85,1) on conflict (id) do nothing;
insert into topics (id,chapter_id,title,weight,sort_order) values ('phy2-s1-c2-t3','phy2-s1-c2','তড়িৎ বিভব ও শক্তি',65,2) on conflict (id) do nothing;
insert into chapters (id,section_id,title,est_mcq,est_sq,sort_order) values ('phy2-s1-c3','phy2-s1','৩য় অধ্যায়: চল তড়িৎ',3,0,2) on conflict (id) do nothing;
insert into topics (id,chapter_id,title,weight,sort_order) values ('phy2-s1-c3-t1','phy2-s1-c3','ওহমের সূত্র ও রোধের সমন্বয়',80,0) on conflict (id) do nothing;
insert into topics (id,chapter_id,title,weight,sort_order) values ('phy2-s1-c3-t2','phy2-s1-c3','কির্শফের সূত্র ও হুইটস্টোন ব্রিজ',90,1) on conflict (id) do nothing;
insert into topics (id,chapter_id,title,weight,sort_order) values ('phy2-s1-c3-t3','phy2-s1-c3','মিটার ব্রিজ ও পটেনশিওমিটার',65,2) on conflict (id) do nothing;
insert into chapters (id,section_id,title,est_mcq,est_sq,sort_order) values ('phy2-s1-c4','phy2-s1','৪র্থ অধ্যায়: তড়িৎ প্রবাহের চৌম্বক ক্রিয়া ও চুম্বকত্ব',2,0,3) on conflict (id) do nothing;
insert into topics (id,chapter_id,title,weight,sort_order) values ('phy2-s1-c4-t1','phy2-s1-c4','বায়োট-স্যাভার্ট ও অ্যাম্পিয়ারের সূত্র',80,0) on conflict (id) do nothing;
insert into topics (id,chapter_id,title,weight,sort_order) values ('phy2-s1-c4-t2','phy2-s1-c4','চৌম্বক ক্ষেত্রে গতিশীল আধান ও তার',70,1) on conflict (id) do nothing;
insert into chapters (id,section_id,title,est_mcq,est_sq,sort_order) values ('phy2-s1-c5','phy2-s1','৫ম অধ্যায়: তাড়িতচৌম্বকীয় আবেশ ও পরিবর্তী প্রবাহ',2,0,4) on conflict (id) do nothing;
insert into topics (id,chapter_id,title,weight,sort_order) values ('phy2-s1-c5-t1','phy2-s1-c5','ফ্যারাডে ও লেঞ্জের সূত্র',85,0) on conflict (id) do nothing;
insert into topics (id,chapter_id,title,weight,sort_order) values ('phy2-s1-c5-t2','phy2-s1-c5','স্বআবেশ ও পারস্পরিক আবেশ',65,1) on conflict (id) do nothing;
insert into topics (id,chapter_id,title,weight,sort_order) values ('phy2-s1-c5-t3','phy2-s1-c5','AC বর্তনী ও RMS মান',60,2) on conflict (id) do nothing;
insert into chapters (id,section_id,title,est_mcq,est_sq,sort_order) values ('phy2-s1-c6','phy2-s1','৬ষ্ঠ অধ্যায়: জ্যামিতিক আলোকবিজ্ঞান',2,0,5) on conflict (id) do nothing;
insert into topics (id,chapter_id,title,weight,sort_order) values ('phy2-s1-c6-t1','phy2-s1-c6','লেন্স ও দর্পণ সমীকরণ',80,0) on conflict (id) do nothing;
insert into topics (id,chapter_id,title,weight,sort_order) values ('phy2-s1-c6-t2','phy2-s1-c6','প্রতিসরণ ও মোট অভ্যন্তরীণ প্রতিফলন',70,1) on conflict (id) do nothing;
insert into topics (id,chapter_id,title,weight,sort_order) values ('phy2-s1-c6-t3','phy2-s1-c6','অণুবীক্ষণ ও দূরবীক্ষণ যন্ত্র',55,2) on conflict (id) do nothing;
insert into chapters (id,section_id,title,est_mcq,est_sq,sort_order) values ('phy2-s1-c7','phy2-s1','৭ম অধ্যায়: ভৌত আলোকবিজ্ঞান',2,0,6) on conflict (id) do nothing;
insert into topics (id,chapter_id,title,weight,sort_order) values ('phy2-s1-c7-t1','phy2-s1-c7','ব্যতিচার ও ইয়ংয়ের দ্বি-চিড় পরীক্ষা',80,0) on conflict (id) do nothing;
insert into topics (id,chapter_id,title,weight,sort_order) values ('phy2-s1-c7-t2','phy2-s1-c7','অপবর্তন',60,1) on conflict (id) do nothing;
insert into topics (id,chapter_id,title,weight,sort_order) values ('phy2-s1-c7-t3','phy2-s1-c7','সমবর্তন',50,2) on conflict (id) do nothing;
insert into chapters (id,section_id,title,est_mcq,est_sq,sort_order) values ('phy2-s1-c8','phy2-s1','৮ম অধ্যায়: আধুনিক পদার্থবিজ্ঞানের সূচনা',2,0,7) on conflict (id) do nothing;
insert into topics (id,chapter_id,title,weight,sort_order) values ('phy2-s1-c8-t1','phy2-s1-c8','বিশেষ আপেক্ষিকতা',70,0) on conflict (id) do nothing;
insert into topics (id,chapter_id,title,weight,sort_order) values ('phy2-s1-c8-t2','phy2-s1-c8','ফটোতড়িৎ ক্রিয়া',90,1) on conflict (id) do nothing;
insert into chapters (id,section_id,title,est_mcq,est_sq,sort_order) values ('phy2-s1-c9','phy2-s1','৯ম অধ্যায়: পরমাণুর মডেল ও নিউক্লিয়ার পদার্থবিজ্ঞান',3,0,8) on conflict (id) do nothing;
insert into topics (id,chapter_id,title,weight,sort_order) values ('phy2-s1-c9-t1','phy2-s1-c9','বোর মডেল ও হাইড্রোজেন বর্ণালি',80,0) on conflict (id) do nothing;
insert into topics (id,chapter_id,title,weight,sort_order) values ('phy2-s1-c9-t2','phy2-s1-c9','তেজস্ক্রিয়তা ও অর্ধায়ু',80,1) on conflict (id) do nothing;
insert into topics (id,chapter_id,title,weight,sort_order) values ('phy2-s1-c9-t3','phy2-s1-c9','ভর-শক্তি ও বন্ধন শক্তি',65,2) on conflict (id) do nothing;
insert into chapters (id,section_id,title,est_mcq,est_sq,sort_order) values ('phy2-s1-c10','phy2-s1','১০ম অধ্যায়: সেমিকন্ডাক্টর ও ইলেকট্রনিক্স',3,0,9) on conflict (id) do nothing;
insert into topics (id,chapter_id,title,weight,sort_order) values ('phy2-s1-c10-t1','phy2-s1-c10','p-n জাংশন ও ডায়োড',80,0) on conflict (id) do nothing;
insert into topics (id,chapter_id,title,weight,sort_order) values ('phy2-s1-c10-t2','phy2-s1-c10','ট্রানজিস্টর ও বিবর্ধক',70,1) on conflict (id) do nothing;
insert into topics (id,chapter_id,title,weight,sort_order) values ('phy2-s1-c10-t3','phy2-s1-c10','লজিক গেইট',70,2) on conflict (id) do nothing;

insert into subjects (id,title,short_code,icon_emoji,is_active,rank_science,rank_business,rank_humanities,max_cq,max_mcq,max_sq,cq_value_per_q,sq_value_per_q,alt_marks_scheme,cq_label) values ('chem1','রসায়ন ১ম পত্র','Chemistry 1st','⚗️',true,3,null,null,50,25,0,10,2,false,null) on conflict (id) do nothing;
insert into sections (id,subject_id,title,min_cq_required,total_cq_available,cq_value_per_q,sort_order) values ('chem1-s1','chem1','পূর্ণাঙ্গ সিলেবাস',5,8,0,0) on conflict (id) do nothing;
insert into chapters (id,section_id,title,est_mcq,est_sq,sort_order) values ('chem1-s1-c1','chem1-s1','১ম অধ্যায়: ল্যাবরেটরির নিরাপদ ব্যবহার',2,0,0) on conflict (id) do nothing;
insert into topics (id,chapter_id,title,weight,sort_order) values ('chem1-s1-c1-t1','chem1-s1-c1','রাসায়নিক দ্রব্যের সংরক্ষণ ও সংকেত',60,0) on conflict (id) do nothing;
insert into topics (id,chapter_id,title,weight,sort_order) values ('chem1-s1-c1-t2','chem1-s1-c1','দুর্ঘটনা ও প্রাথমিক চিকিৎসা',45,1) on conflict (id) do nothing;
insert into chapters (id,section_id,title,est_mcq,est_sq,sort_order) values ('chem1-s1-c2','chem1-s1','২য় অধ্যায়: গুণগত রসায়ন',6,0,1) on conflict (id) do nothing;
insert into topics (id,chapter_id,title,weight,sort_order) values ('chem1-s1-c2-t1','chem1-s1-c2','বোর মডেল ও কোয়ান্টাম সংখ্যা',90,0) on conflict (id) do nothing;
insert into topics (id,chapter_id,title,weight,sort_order) values ('chem1-s1-c2-t2','chem1-s1-c2','ইলেকট্রন বিন্যাস ও আউফবাউ নীতি',85,1) on conflict (id) do nothing;
insert into topics (id,chapter_id,title,weight,sort_order) values ('chem1-s1-c2-t3','chem1-s1-c2','শিখা পরীক্ষা ও মূলক সনাক্তকরণ',75,2) on conflict (id) do nothing;
insert into topics (id,chapter_id,title,weight,sort_order) values ('chem1-s1-c2-t4','chem1-s1-c2','দ্রাব্যতা ও দ্রাব্যতা গুণফল',70,3) on conflict (id) do nothing;
insert into chapters (id,section_id,title,est_mcq,est_sq,sort_order) values ('chem1-s1-c3','chem1-s1','৩য় অধ্যায়: মৌলের পর্যায়বৃত্ত ধর্ম ও রাসায়নিক বন্ধন',6,0,2) on conflict (id) do nothing;
insert into topics (id,chapter_id,title,weight,sort_order) values ('chem1-s1-c3-t1','chem1-s1-c3','সংকরায়ন ও অণুর আকৃতি',95,0) on conflict (id) do nothing;
insert into topics (id,chapter_id,title,weight,sort_order) values ('chem1-s1-c3-t2','chem1-s1-c3','পর্যায়বৃত্ত ধর্ম',80,1) on conflict (id) do nothing;
insert into topics (id,chapter_id,title,weight,sort_order) values ('chem1-s1-c3-t3','chem1-s1-c3','বন্ধন, পোলারিটি ও আন্তঃআণবিক বল',75,2) on conflict (id) do nothing;
insert into chapters (id,section_id,title,est_mcq,est_sq,sort_order) values ('chem1-s1-c4','chem1-s1','৪র্থ অধ্যায়: রাসায়নিক পরিবর্তন',6,0,3) on conflict (id) do nothing;
insert into topics (id,chapter_id,title,weight,sort_order) values ('chem1-s1-c4-t1','chem1-s1-c4','রাসায়নিক সাম্যাবস্থা ও Kc/Kp',95,0) on conflict (id) do nothing;
insert into topics (id,chapter_id,title,weight,sort_order) values ('chem1-s1-c4-t2','chem1-s1-c4','লা-শাতেলিয়ার নীতি',85,1) on conflict (id) do nothing;
insert into topics (id,chapter_id,title,weight,sort_order) values ('chem1-s1-c4-t3','chem1-s1-c4','বিক্রিয়ার হার ও প্রভাবক',70,2) on conflict (id) do nothing;
insert into topics (id,chapter_id,title,weight,sort_order) values ('chem1-s1-c4-t4','chem1-s1-c4','pH, প্রশমন ও বাফার',80,3) on conflict (id) do nothing;
insert into chapters (id,section_id,title,est_mcq,est_sq,sort_order) values ('chem1-s1-c5','chem1-s1','৫ম অধ্যায়: কর্মমুখী রসায়ন',5,0,4) on conflict (id) do nothing;
insert into topics (id,chapter_id,title,weight,sort_order) values ('chem1-s1-c5-t1','chem1-s1-c5','তেল-চর্বি, সাবান ও পরিষ্কারক',65,0) on conflict (id) do nothing;
insert into topics (id,chapter_id,title,weight,sort_order) values ('chem1-s1-c5-t2','chem1-s1-c5','খাদ্য সংরক্ষণ ও সংরক্ষক',60,1) on conflict (id) do nothing;
insert into topics (id,chapter_id,title,weight,sort_order) values ('chem1-s1-c5-t3','chem1-s1-c5','ধাতু নিষ্কাশন ও সংকর',55,2) on conflict (id) do nothing;

insert into subjects (id,title,short_code,icon_emoji,is_active,rank_science,rank_business,rank_humanities,max_cq,max_mcq,max_sq,cq_value_per_q,sq_value_per_q,alt_marks_scheme,cq_label) values ('chem2','রসায়ন ২য় পত্র','Chemistry 2nd','🧪',true,4,null,null,50,25,0,10,2,false,null) on conflict (id) do nothing;
insert into sections (id,subject_id,title,min_cq_required,total_cq_available,cq_value_per_q,sort_order) values ('chem2-s1','chem2','পূর্ণাঙ্গ সিলেবাস',5,8,0,0) on conflict (id) do nothing;
insert into chapters (id,section_id,title,est_mcq,est_sq,sort_order) values ('chem2-s1-c1','chem2-s1','১ম অধ্যায়: পরিবেশ রসায়ন',3,0,0) on conflict (id) do nothing;
insert into topics (id,chapter_id,title,weight,sort_order) values ('chem2-s1-c1-t1','chem2-s1-c1','গ্যাসীয় অবস্থা ও গ্যাস সূত্র',80,0) on conflict (id) do nothing;
insert into topics (id,chapter_id,title,weight,sort_order) values ('chem2-s1-c1-t2','chem2-s1-c1','বায়ুমণ্ডল ও বায়ুদূষণ',60,1) on conflict (id) do nothing;
insert into chapters (id,section_id,title,est_mcq,est_sq,sort_order) values ('chem2-s1-c2','chem2-s1','২য় অধ্যায়: জৈব রসায়ন',7,0,1) on conflict (id) do nothing;
insert into topics (id,chapter_id,title,weight,sort_order) values ('chem2-s1-c2-t1','chem2-s1-c2','হাইড্রোকার্বন ও কার্যকরী মূলক',90,0) on conflict (id) do nothing;
insert into topics (id,chapter_id,title,weight,sort_order) values ('chem2-s1-c2-t2','chem2-s1-c2','বিক্রিয়া কৌশল ও সমাণুতা',90,1) on conflict (id) do nothing;
insert into topics (id,chapter_id,title,weight,sort_order) values ('chem2-s1-c2-t3','chem2-s1-c2','অ্যালকোহল, অ্যালডিহাইড ও কারবক্সিলিক অ্যাসিড',85,2) on conflict (id) do nothing;
insert into topics (id,chapter_id,title,weight,sort_order) values ('chem2-s1-c2-t4','chem2-s1-c2','পরিশোধন ও সনাক্তকরণ বিক্রিয়া',70,3) on conflict (id) do nothing;
insert into chapters (id,section_id,title,est_mcq,est_sq,sort_order) values ('chem2-s1-c3','chem2-s1','৩য় অধ্যায়: পরিমাণগত রসায়ন',6,0,2) on conflict (id) do nothing;
insert into topics (id,chapter_id,title,weight,sort_order) values ('chem2-s1-c3-t1','chem2-s1-c3','মোলারিটি ও টাইট্রেশন (অম্ল-ক্ষার)',95,0) on conflict (id) do nothing;
insert into topics (id,chapter_id,title,weight,sort_order) values ('chem2-s1-c3-t2','chem2-s1-c3','জারণ-বিজারণ টাইট্রেশন',80,1) on conflict (id) do nothing;
insert into topics (id,chapter_id,title,weight,sort_order) values ('chem2-s1-c3-t3','chem2-s1-c3','গ্যাসীয় আয়তন ও স্টয়কিওমিতি',70,2) on conflict (id) do nothing;
insert into chapters (id,section_id,title,est_mcq,est_sq,sort_order) values ('chem2-s1-c4','chem2-s1','৪র্থ অধ্যায়: তড়িৎ রসায়ন',5,0,3) on conflict (id) do nothing;
insert into topics (id,chapter_id,title,weight,sort_order) values ('chem2-s1-c4-t1','chem2-s1-c4','গ্যালভানিক কোষ ও তড়িৎদ্বার বিভব',85,0) on conflict (id) do nothing;
insert into topics (id,chapter_id,title,weight,sort_order) values ('chem2-s1-c4-t2','chem2-s1-c4','তড়িৎ বিশ্লেষণ ও ফ্যারাডের সূত্র',80,1) on conflict (id) do nothing;
insert into topics (id,chapter_id,title,weight,sort_order) values ('chem2-s1-c4-t3','chem2-s1-c4','নার্নস্ট সমীকরণ',60,2) on conflict (id) do nothing;
insert into chapters (id,section_id,title,est_mcq,est_sq,sort_order) values ('chem2-s1-c5','chem2-s1','৫ম অধ্যায়: অর্থনৈতিক রসায়ন',4,0,4) on conflict (id) do nothing;
insert into topics (id,chapter_id,title,weight,sort_order) values ('chem2-s1-c5-t1','chem2-s1-c5','অ্যামোনিয়া ও সালফিউরিক এসিড উৎপাদন',65,0) on conflict (id) do nothing;
insert into topics (id,chapter_id,title,weight,sort_order) values ('chem2-s1-c5-t2','chem2-s1-c5','গ্লাস, সিমেন্ট ও সিরামিক',55,1) on conflict (id) do nothing;

insert into subjects (id,title,short_code,icon_emoji,is_active,rank_science,rank_business,rank_humanities,max_cq,max_mcq,max_sq,cq_value_per_q,sq_value_per_q,alt_marks_scheme,cq_label) values ('hmath1','উচ্চতর গণিত ১ম পত্র','Higher Math 1st','📐',true,5,null,null,50,25,0,10,2,false,null) on conflict (id) do nothing;
insert into sections (id,subject_id,title,min_cq_required,total_cq_available,cq_value_per_q,sort_order) values ('hmath1-s1','hmath1','ক বিভাগ — বীজগণিত ও জ্যামিতি',2,4,0,0) on conflict (id) do nothing;
insert into chapters (id,section_id,title,est_mcq,est_sq,sort_order) values ('hmath1-s1-c1','hmath1-s1','১ম অধ্যায়: ম্যাট্রিক্স ও নির্ণায়ক',2,0,0) on conflict (id) do nothing;
insert into topics (id,chapter_id,title,weight,sort_order) values ('hmath1-s1-c1-t1','hmath1-s1-c1','নির্ণায়কের ধর্ম ও মান',80,0) on conflict (id) do nothing;
insert into topics (id,chapter_id,title,weight,sort_order) values ('hmath1-s1-c1-t2','hmath1-s1-c1','বিপরীত ম্যাট্রিক্স ও সমীকরণ সমাধান',85,1) on conflict (id) do nothing;
insert into chapters (id,section_id,title,est_mcq,est_sq,sort_order) values ('hmath1-s1-c2','hmath1-s1','২য় অধ্যায়: ভেক্টর',2,0,1) on conflict (id) do nothing;
insert into topics (id,chapter_id,title,weight,sort_order) values ('hmath1-s1-c2-t1','hmath1-s1-c2','স্কেলার ও ভেক্টর গুণন',80,0) on conflict (id) do nothing;
insert into topics (id,chapter_id,title,weight,sort_order) values ('hmath1-s1-c2-t2','hmath1-s1-c2','ভেক্টরের জ্যামিতিক প্রয়োগ',60,1) on conflict (id) do nothing;
insert into chapters (id,section_id,title,est_mcq,est_sq,sort_order) values ('hmath1-s1-c3','hmath1-s1','৩য় অধ্যায়: সরলরেখা',3,0,2) on conflict (id) do nothing;
insert into topics (id,chapter_id,title,weight,sort_order) values ('hmath1-s1-c3-t1','hmath1-s1-c3','রেখার সমীকরণ ও ঢাল',80,0) on conflict (id) do nothing;
insert into topics (id,chapter_id,title,weight,sort_order) values ('hmath1-s1-c3-t2','hmath1-s1-c3','দুই রেখার অন্তর্ভুক্ত কোণ ও দূরত্ব',70,1) on conflict (id) do nothing;
insert into chapters (id,section_id,title,est_mcq,est_sq,sort_order) values ('hmath1-s1-c4','hmath1-s1','৪র্থ অধ্যায়: বৃত্ত',3,0,3) on conflict (id) do nothing;
insert into topics (id,chapter_id,title,weight,sort_order) values ('hmath1-s1-c4-t1','hmath1-s1-c4','বৃত্তের সাধারণ সমীকরণ',85,0) on conflict (id) do nothing;
insert into topics (id,chapter_id,title,weight,sort_order) values ('hmath1-s1-c4-t2','hmath1-s1-c4','স্পর্শক ও জ্যা',70,1) on conflict (id) do nothing;
insert into chapters (id,section_id,title,est_mcq,est_sq,sort_order) values ('hmath1-s1-c5','hmath1-s1','৫ম অধ্যায়: বিন্যাস ও সমাবেশ',3,0,4) on conflict (id) do nothing;
insert into topics (id,chapter_id,title,weight,sort_order) values ('hmath1-s1-c5-t1','hmath1-s1-c5','বিন্যাস (nPr)',75,0) on conflict (id) do nothing;
insert into topics (id,chapter_id,title,weight,sort_order) values ('hmath1-s1-c5-t2','hmath1-s1-c5','সমাবেশ (nCr)',80,1) on conflict (id) do nothing;
insert into sections (id,subject_id,title,min_cq_required,total_cq_available,cq_value_per_q,sort_order) values ('hmath1-s2','hmath1','খ বিভাগ — ত্রিকোণমিতি ও ক্যালকুলাস',2,4,0,1) on conflict (id) do nothing;
insert into chapters (id,section_id,title,est_mcq,est_sq,sort_order) values ('hmath1-s2-c1','hmath1-s2','৬ষ্ঠ অধ্যায়: ত্রিকোণমিতিক অনুপাত',2,0,0) on conflict (id) do nothing;
insert into topics (id,chapter_id,title,weight,sort_order) values ('hmath1-s2-c1-t1','hmath1-s2-c1','মৌলিক অভেদ ও মান নির্ণয়',70,0) on conflict (id) do nothing;
insert into chapters (id,section_id,title,est_mcq,est_sq,sort_order) values ('hmath1-s2-c2','hmath1-s2','৭ম অধ্যায়: সংযুক্ত কোণের ত্রিকোণমিতিক অনুপাত',2,0,1) on conflict (id) do nothing;
insert into topics (id,chapter_id,title,weight,sort_order) values ('hmath1-s2-c2-t1','hmath1-s2-c2','যোগ-বিয়োগ ও একাধিক কোণের সূত্র',80,0) on conflict (id) do nothing;
insert into chapters (id,section_id,title,est_mcq,est_sq,sort_order) values ('hmath1-s2-c3','hmath1-s2','৮ম অধ্যায়: ফাংশন ও ফাংশনের লেখচিত্র',2,0,2) on conflict (id) do nothing;
insert into topics (id,chapter_id,title,weight,sort_order) values ('hmath1-s2-c3-t1','hmath1-s2-c3','ডোমেন-রেঞ্জ ও লেখচিত্র',70,0) on conflict (id) do nothing;
insert into chapters (id,section_id,title,est_mcq,est_sq,sort_order) values ('hmath1-s2-c4','hmath1-s2','৯ম অধ্যায়: অন্তরীকরণ',3,0,3) on conflict (id) do nothing;
insert into topics (id,chapter_id,title,weight,sort_order) values ('hmath1-s2-c4-t1','hmath1-s2-c4','অন্তরজের সূত্রাবলি',95,0) on conflict (id) do nothing;
insert into topics (id,chapter_id,title,weight,sort_order) values ('hmath1-s2-c4-t2','hmath1-s2-c4','সর্বোচ্চ-সর্বনিম্ন ও স্পর্শক-অভিলম্ব',85,1) on conflict (id) do nothing;
insert into chapters (id,section_id,title,est_mcq,est_sq,sort_order) values ('hmath1-s2-c5','hmath1-s2','১০ম অধ্যায়: যোগজীকরণ',3,0,4) on conflict (id) do nothing;
insert into topics (id,chapter_id,title,weight,sort_order) values ('hmath1-s2-c5-t1','hmath1-s2-c5','মৌলিক ও প্রতিস্থাপন যোগজ',90,0) on conflict (id) do nothing;
insert into topics (id,chapter_id,title,weight,sort_order) values ('hmath1-s2-c5-t2','hmath1-s2-c5','নির্দিষ্ট যোগজ ও ক্ষেত্রফল',80,1) on conflict (id) do nothing;

insert into subjects (id,title,short_code,icon_emoji,is_active,rank_science,rank_business,rank_humanities,max_cq,max_mcq,max_sq,cq_value_per_q,sq_value_per_q,alt_marks_scheme,cq_label) values ('hmath2','উচ্চতর গণিত ২য় পত্র','Higher Math 2nd','➗',true,6,null,null,50,25,0,10,2,false,null) on conflict (id) do nothing;
insert into sections (id,subject_id,title,min_cq_required,total_cq_available,cq_value_per_q,sort_order) values ('hmath2-s1','hmath2','ক বিভাগ — বীজগণিত ও জ্যামিতি',2,4,0,0) on conflict (id) do nothing;
insert into chapters (id,section_id,title,est_mcq,est_sq,sort_order) values ('hmath2-s1-c1','hmath2-s1','১ম অধ্যায়: জটিল সংখ্যা',3,0,0) on conflict (id) do nothing;
insert into topics (id,chapter_id,title,weight,sort_order) values ('hmath2-s1-c1-t1','hmath2-s1-c1','মডুলাস, আর্গুমেন্ট ও পোলার রূপ',80,0) on conflict (id) do nothing;
insert into topics (id,chapter_id,title,weight,sort_order) values ('hmath2-s1-c1-t2','hmath2-s1-c1','ঘনমূল ও De Moivre উপপাদ্য',75,1) on conflict (id) do nothing;
insert into chapters (id,section_id,title,est_mcq,est_sq,sort_order) values ('hmath2-s1-c2','hmath2-s1','২য় অধ্যায়: বহুপদী ও বহুপদী সমীকরণ',3,0,1) on conflict (id) do nothing;
insert into topics (id,chapter_id,title,weight,sort_order) values ('hmath2-s1-c2-t1','hmath2-s1-c2','মূল ও সহগের সম্পর্ক',80,0) on conflict (id) do nothing;
insert into topics (id,chapter_id,title,weight,sort_order) values ('hmath2-s1-c2-t2','hmath2-s1-c2','ভাগশেষ ও উৎপাদক উপপাদ্য',65,1) on conflict (id) do nothing;
insert into chapters (id,section_id,title,est_mcq,est_sq,sort_order) values ('hmath2-s1-c3','hmath2-s1','৩য় অধ্যায়: দ্বিপদী বিস্তৃতি',3,0,2) on conflict (id) do nothing;
insert into topics (id,chapter_id,title,weight,sort_order) values ('hmath2-s1-c3-t1','hmath2-s1-c3','সাধারণ পদ ও নির্দিষ্ট পদ',90,0) on conflict (id) do nothing;
insert into topics (id,chapter_id,title,weight,sort_order) values ('hmath2-s1-c3-t2','hmath2-s1-c3','মধ্যপদ ও সহগ নির্ণয়',75,1) on conflict (id) do nothing;
insert into chapters (id,section_id,title,est_mcq,est_sq,sort_order) values ('hmath2-s1-c4','hmath2-s1','৪র্থ অধ্যায়: কনিক',4,0,3) on conflict (id) do nothing;
insert into topics (id,chapter_id,title,weight,sort_order) values ('hmath2-s1-c4-t1','hmath2-s1-c4','পরাবৃত্ত (Parabola)',85,0) on conflict (id) do nothing;
insert into topics (id,chapter_id,title,weight,sort_order) values ('hmath2-s1-c4-t2','hmath2-s1-c4','উপবৃত্ত ও অধিবৃত্ত',80,1) on conflict (id) do nothing;
insert into sections (id,subject_id,title,min_cq_required,total_cq_available,cq_value_per_q,sort_order) values ('hmath2-s2','hmath2','খ বিভাগ — ত্রিকোণমিতি, বলবিদ্যা ও পরিসংখ্যান',2,4,0,1) on conflict (id) do nothing;
insert into chapters (id,section_id,title,est_mcq,est_sq,sort_order) values ('hmath2-s2-c1','hmath2-s2','৫ম অধ্যায়: বিপরীত ত্রিকোণমিতিক ফাংশন ও সমীকরণ',3,0,0) on conflict (id) do nothing;
insert into topics (id,chapter_id,title,weight,sort_order) values ('hmath2-s2-c1-t1','hmath2-s2-c1','বিপরীত অনুপাতের মান',70,0) on conflict (id) do nothing;
insert into topics (id,chapter_id,title,weight,sort_order) values ('hmath2-s2-c1-t2','hmath2-s2-c1','ত্রিকোণমিতিক সমীকরণের সাধারণ সমাধান',80,1) on conflict (id) do nothing;
insert into chapters (id,section_id,title,est_mcq,est_sq,sort_order) values ('hmath2-s2-c2','hmath2-s2','৬ষ্ঠ অধ্যায়: স্থিতিবিদ্যা',3,0,1) on conflict (id) do nothing;
insert into topics (id,chapter_id,title,weight,sort_order) values ('hmath2-s2-c2-t1','hmath2-s2-c2','লামির উপপাদ্য ও বলের সাম্য',75,0) on conflict (id) do nothing;
insert into topics (id,chapter_id,title,weight,sort_order) values ('hmath2-s2-c2-t2','hmath2-s2-c2','ঘর্ষণ ও বলের ভ্রামক',60,1) on conflict (id) do nothing;
insert into chapters (id,section_id,title,est_mcq,est_sq,sort_order) values ('hmath2-s2-c3','hmath2-s2','৭ম অধ্যায়: সমতলে বস্তুকণার গতি',3,0,2) on conflict (id) do nothing;
insert into topics (id,chapter_id,title,weight,sort_order) values ('hmath2-s2-c3-t1','hmath2-s2-c3','গতির সমীকরণ ও প্রাস',80,0) on conflict (id) do nothing;
insert into topics (id,chapter_id,title,weight,sort_order) values ('hmath2-s2-c3-t2','hmath2-s2-c3','আপেক্ষিক বেগ ও প্রক্ষেপ',60,1) on conflict (id) do nothing;
insert into chapters (id,section_id,title,est_mcq,est_sq,sort_order) values ('hmath2-s2-c4','hmath2-s2','৮ম অধ্যায়: বিস্তার পরিমাপ ও সম্ভাবনা',3,0,3) on conflict (id) do nothing;
insert into topics (id,chapter_id,title,weight,sort_order) values ('hmath2-s2-c4-t1','hmath2-s2-c4','পরিমিত ব্যবধান ও ভেদাঙ্ক',75,0) on conflict (id) do nothing;
insert into topics (id,chapter_id,title,weight,sort_order) values ('hmath2-s2-c4-t2','hmath2-s2-c4','সম্ভাবনার যোগ ও গুণ বিধি',85,1) on conflict (id) do nothing;

insert into subjects (id,title,short_code,icon_emoji,is_active,rank_science,rank_business,rank_humanities,max_cq,max_mcq,max_sq,cq_value_per_q,sq_value_per_q,alt_marks_scheme,cq_label) values ('bio1','জীববিজ্ঞান ১ম পত্র (উদ্ভিদবিজ্ঞান)','Biology 1st','🌿',true,7,null,null,50,25,0,10,2,false,null) on conflict (id) do nothing;
insert into sections (id,subject_id,title,min_cq_required,total_cq_available,cq_value_per_q,sort_order) values ('bio1-s1','bio1','পূর্ণাঙ্গ সিলেবাস',5,8,0,0) on conflict (id) do nothing;
insert into chapters (id,section_id,title,est_mcq,est_sq,sort_order) values ('bio1-s1-c1','bio1-s1','১ম অধ্যায়: কোষ ও এর গঠন',2,0,0) on conflict (id) do nothing;
insert into topics (id,chapter_id,title,weight,sort_order) values ('bio1-s1-c1-t1','bio1-s1-c1','প্লাজমা মেমব্রেন ও মাইটোকন্ড্রিয়া',80,0) on conflict (id) do nothing;
insert into topics (id,chapter_id,title,weight,sort_order) values ('bio1-s1-c1-t2','bio1-s1-c1','প্লাস্টিড ও নিউক্লিয়াস',70,1) on conflict (id) do nothing;
insert into chapters (id,section_id,title,est_mcq,est_sq,sort_order) values ('bio1-s1-c2','bio1-s1','২য় অধ্যায়: কোষ বিভাজন',3,0,1) on conflict (id) do nothing;
insert into topics (id,chapter_id,title,weight,sort_order) values ('bio1-s1-c2-t1','bio1-s1-c2','মাইটোসিস',85,0) on conflict (id) do nothing;
insert into topics (id,chapter_id,title,weight,sort_order) values ('bio1-s1-c2-t2','bio1-s1-c2','মিয়োসিস',95,1) on conflict (id) do nothing;
insert into chapters (id,section_id,title,est_mcq,est_sq,sort_order) values ('bio1-s1-c3','bio1-s1','৩য় অধ্যায়: কোষ রসায়ন',2,0,2) on conflict (id) do nothing;
insert into topics (id,chapter_id,title,weight,sort_order) values ('bio1-s1-c3-t1','bio1-s1-c3','কার্বোহাইড্রেট, প্রোটিন ও লিপিড',75,0) on conflict (id) do nothing;
insert into topics (id,chapter_id,title,weight,sort_order) values ('bio1-s1-c3-t2','bio1-s1-c3','এনজাইম ও নিউক্লিক অ্যাসিড',70,1) on conflict (id) do nothing;
insert into chapters (id,section_id,title,est_mcq,est_sq,sort_order) values ('bio1-s1-c4','bio1-s1','৪র্থ অধ্যায়: অণুজীব',2,0,3) on conflict (id) do nothing;
insert into topics (id,chapter_id,title,weight,sort_order) values ('bio1-s1-c4-t1','bio1-s1-c4','ভাইরাস',80,0) on conflict (id) do nothing;
insert into topics (id,chapter_id,title,weight,sort_order) values ('bio1-s1-c4-t2','bio1-s1-c4','ব্যাকটেরিয়া ও ম্যালেরিয়া পরজীবী',70,1) on conflict (id) do nothing;
insert into chapters (id,section_id,title,est_mcq,est_sq,sort_order) values ('bio1-s1-c5','bio1-s1','৫ম অধ্যায়: শৈবাল ও ছত্রাক',2,0,4) on conflict (id) do nothing;
insert into topics (id,chapter_id,title,weight,sort_order) values ('bio1-s1-c5-t1','bio1-s1-c5','শৈবাল (Spirogyra)',70,0) on conflict (id) do nothing;
insert into topics (id,chapter_id,title,weight,sort_order) values ('bio1-s1-c5-t2','bio1-s1-c5','ছত্রাক (Agaricus) ও লাইকেন',65,1) on conflict (id) do nothing;
insert into chapters (id,section_id,title,est_mcq,est_sq,sort_order) values ('bio1-s1-c6','bio1-s1','৬ষ্ঠ অধ্যায়: ব্রায়োফাইটা ও টেরিডোফাইটা',2,0,5) on conflict (id) do nothing;
insert into topics (id,chapter_id,title,weight,sort_order) values ('bio1-s1-c6-t1','bio1-s1-c6','Pteris ও জীবনচক্র',65,0) on conflict (id) do nothing;
insert into topics (id,chapter_id,title,weight,sort_order) values ('bio1-s1-c6-t2','bio1-s1-c6','ব্রায়োফাইটার বৈশিষ্ট্য',55,1) on conflict (id) do nothing;
insert into chapters (id,section_id,title,est_mcq,est_sq,sort_order) values ('bio1-s1-c7','bio1-s1','৭ম অধ্যায়: নগ্নবীজী ও আবৃতবীজী উদ্ভিদ',2,0,6) on conflict (id) do nothing;
insert into topics (id,chapter_id,title,weight,sort_order) values ('bio1-s1-c7-t1','bio1-s1-c7','Cycas ও নগ্নবীজীর বৈশিষ্ট্য',65,0) on conflict (id) do nothing;
insert into topics (id,chapter_id,title,weight,sort_order) values ('bio1-s1-c7-t2','bio1-s1-c7','আবৃতবীজী ও গোত্র (Malvaceae, Poaceae)',70,1) on conflict (id) do nothing;
insert into chapters (id,section_id,title,est_mcq,est_sq,sort_order) values ('bio1-s1-c8','bio1-s1','৮ম অধ্যায়: টিস্যু ও টিস্যুতন্ত্র',2,0,7) on conflict (id) do nothing;
insert into topics (id,chapter_id,title,weight,sort_order) values ('bio1-s1-c8-t1','bio1-s1-c8','ভাজক ও স্থায়ী টিস্যু',75,0) on conflict (id) do nothing;
insert into topics (id,chapter_id,title,weight,sort_order) values ('bio1-s1-c8-t2','bio1-s1-c8','ভাস্কুলার বান্ডল',65,1) on conflict (id) do nothing;
insert into chapters (id,section_id,title,est_mcq,est_sq,sort_order) values ('bio1-s1-c9','bio1-s1','৯ম অধ্যায়: উদ্ভিদ শারীরতত্ত্ব',3,0,8) on conflict (id) do nothing;
insert into topics (id,chapter_id,title,weight,sort_order) values ('bio1-s1-c9-t1','bio1-s1-c9','সালোকসংশ্লেষণ',95,0) on conflict (id) do nothing;
insert into topics (id,chapter_id,title,weight,sort_order) values ('bio1-s1-c9-t2','bio1-s1-c9','শ্বসন',85,1) on conflict (id) do nothing;
insert into topics (id,chapter_id,title,weight,sort_order) values ('bio1-s1-c9-t3','bio1-s1-c9','প্রস্বেদন ও খনিজ পুষ্টি',65,2) on conflict (id) do nothing;
insert into chapters (id,section_id,title,est_mcq,est_sq,sort_order) values ('bio1-s1-c10','bio1-s1','১০ম অধ্যায়: উদ্ভিদ প্রজনন',2,0,9) on conflict (id) do nothing;
insert into topics (id,chapter_id,title,weight,sort_order) values ('bio1-s1-c10-t1','bio1-s1-c10','পরাগায়ন ও নিষেক',75,0) on conflict (id) do nothing;
insert into topics (id,chapter_id,title,weight,sort_order) values ('bio1-s1-c10-t2','bio1-s1-c10','জনুক্রম',60,1) on conflict (id) do nothing;
insert into chapters (id,section_id,title,est_mcq,est_sq,sort_order) values ('bio1-s1-c11','bio1-s1','১১তম অধ্যায়: জীবপ্রযুক্তি',2,0,10) on conflict (id) do nothing;
insert into topics (id,chapter_id,title,weight,sort_order) values ('bio1-s1-c11-t1','bio1-s1-c11','টিস্যু কালচার',80,0) on conflict (id) do nothing;
insert into topics (id,chapter_id,title,weight,sort_order) values ('bio1-s1-c11-t2','bio1-s1-c11','রিকম্বিন্যান্ট DNA ও PCR',75,1) on conflict (id) do nothing;
insert into chapters (id,section_id,title,est_mcq,est_sq,sort_order) values ('bio1-s1-c12','bio1-s1','১২তম অধ্যায়: জীবের পরিবেশগত সম্পর্ক',1,0,11) on conflict (id) do nothing;
insert into topics (id,chapter_id,title,weight,sort_order) values ('bio1-s1-c12-t1','bio1-s1-c12','বাস্তুতন্ত্র ও খাদ্যশৃঙ্খল',55,0) on conflict (id) do nothing;

insert into subjects (id,title,short_code,icon_emoji,is_active,rank_science,rank_business,rank_humanities,max_cq,max_mcq,max_sq,cq_value_per_q,sq_value_per_q,alt_marks_scheme,cq_label) values ('bio2','জীববিজ্ঞান ২য় পত্র (প্রাণিবিজ্ঞান)','Biology 2nd','🐾',true,8,null,null,50,25,0,10,2,false,null) on conflict (id) do nothing;
insert into sections (id,subject_id,title,min_cq_required,total_cq_available,cq_value_per_q,sort_order) values ('bio2-s1','bio2','পূর্ণাঙ্গ সিলেবাস',5,8,0,0) on conflict (id) do nothing;
insert into chapters (id,section_id,title,est_mcq,est_sq,sort_order) values ('bio2-s1-c1','bio2-s1','১ম অধ্যায়: প্রাণীর বিভিন্নতা ও শ্রেণিবিন্যাস',2,0,0) on conflict (id) do nothing;
insert into topics (id,chapter_id,title,weight,sort_order) values ('bio2-s1-c1-t1','bio2-s1-c1','পর্ব ও শনাক্তকারী বৈশিষ্ট্য',80,0) on conflict (id) do nothing;
insert into topics (id,chapter_id,title,weight,sort_order) values ('bio2-s1-c1-t2','bio2-s1-c1','দ্বিপদ নামকরণ',55,1) on conflict (id) do nothing;
insert into chapters (id,section_id,title,est_mcq,est_sq,sort_order) values ('bio2-s1-c2','bio2-s1','২য় অধ্যায়: প্রাণীর পরিচিতি',3,0,1) on conflict (id) do nothing;
insert into topics (id,chapter_id,title,weight,sort_order) values ('bio2-s1-c2-t1','bio2-s1-c2','ঘাসফড়িং',85,0) on conflict (id) do nothing;
insert into topics (id,chapter_id,title,weight,sort_order) values ('bio2-s1-c2-t2','bio2-s1-c2','রুই মাছ',80,1) on conflict (id) do nothing;
insert into topics (id,chapter_id,title,weight,sort_order) values ('bio2-s1-c2-t3','bio2-s1-c2','হাইড্রা',60,2) on conflict (id) do nothing;
insert into chapters (id,section_id,title,est_mcq,est_sq,sort_order) values ('bio2-s1-c3','bio2-s1','৩য় অধ্যায়: পরিপাক ও শোষণ',2,0,2) on conflict (id) do nothing;
insert into topics (id,chapter_id,title,weight,sort_order) values ('bio2-s1-c3-t1','bio2-s1-c3','পরিপাকতন্ত্র ও এনজাইম',80,0) on conflict (id) do nothing;
insert into topics (id,chapter_id,title,weight,sort_order) values ('bio2-s1-c3-t2','bio2-s1-c3','শোষণ ও বিপাক',60,1) on conflict (id) do nothing;
insert into chapters (id,section_id,title,est_mcq,est_sq,sort_order) values ('bio2-s1-c4','bio2-s1','৪র্থ অধ্যায়: রক্ত ও সংবহন',3,0,3) on conflict (id) do nothing;
insert into topics (id,chapter_id,title,weight,sort_order) values ('bio2-s1-c4-t1','bio2-s1-c4','হৃৎপিণ্ড ও কার্ডিয়াক চক্র',95,0) on conflict (id) do nothing;
insert into topics (id,chapter_id,title,weight,sort_order) values ('bio2-s1-c4-t2','bio2-s1-c4','রক্তের উপাদান ও রক্তবাহিকা',75,1) on conflict (id) do nothing;
insert into chapters (id,section_id,title,est_mcq,est_sq,sort_order) values ('bio2-s1-c5','bio2-s1','৫ম অধ্যায়: শ্বসন ও শ্বাসক্রিয়া',2,0,4) on conflict (id) do nothing;
insert into topics (id,chapter_id,title,weight,sort_order) values ('bio2-s1-c5-t1','bio2-s1-c5','শ্বসনতন্ত্র ও গ্যাস বিনিময়',80,0) on conflict (id) do nothing;
insert into topics (id,chapter_id,title,weight,sort_order) values ('bio2-s1-c5-t2','bio2-s1-c5','শ্বসনের ক্রিয়াকৌশল',60,1) on conflict (id) do nothing;
insert into chapters (id,section_id,title,est_mcq,est_sq,sort_order) values ('bio2-s1-c6','bio2-s1','৬ষ্ঠ অধ্যায়: বর্জ্য ও নিষ্কাশন',2,0,5) on conflict (id) do nothing;
insert into topics (id,chapter_id,title,weight,sort_order) values ('bio2-s1-c6-t1','bio2-s1-c6','বৃক্ক ও নেফ্রন',85,0) on conflict (id) do nothing;
insert into topics (id,chapter_id,title,weight,sort_order) values ('bio2-s1-c6-t2','bio2-s1-c6','মূত্র তৈরির প্রক্রিয়া',65,1) on conflict (id) do nothing;
insert into chapters (id,section_id,title,est_mcq,est_sq,sort_order) values ('bio2-s1-c7','bio2-s1','৭ম অধ্যায়: চলন ও অঙ্গচালনা',2,0,6) on conflict (id) do nothing;
insert into topics (id,chapter_id,title,weight,sort_order) values ('bio2-s1-c7-t1','bio2-s1-c7','অস্থি, সন্ধি ও পেশি',70,0) on conflict (id) do nothing;
insert into topics (id,chapter_id,title,weight,sort_order) values ('bio2-s1-c7-t2','bio2-s1-c7','মানব কঙ্কালতন্ত্র',55,1) on conflict (id) do nothing;
insert into chapters (id,section_id,title,est_mcq,est_sq,sort_order) values ('bio2-s1-c8','bio2-s1','৮ম অধ্যায়: সমন্বয় ও নিয়ন্ত্রণ',2,0,7) on conflict (id) do nothing;
insert into topics (id,chapter_id,title,weight,sort_order) values ('bio2-s1-c8-t1','bio2-s1-c8','নিউরন ও স্নায়ু সঞ্চালন',85,0) on conflict (id) do nothing;
insert into topics (id,chapter_id,title,weight,sort_order) values ('bio2-s1-c8-t2','bio2-s1-c8','হরমোন ও অন্তঃক্ষরা গ্রন্থি',70,1) on conflict (id) do nothing;
insert into chapters (id,section_id,title,est_mcq,est_sq,sort_order) values ('bio2-s1-c9','bio2-s1','৯ম অধ্যায়: মানব জীবনের ধারাবাহিকতা',2,0,8) on conflict (id) do nothing;
insert into topics (id,chapter_id,title,weight,sort_order) values ('bio2-s1-c9-t1','bio2-s1-c9','জননতন্ত্র ও গ্যামেট সৃষ্টি',75,0) on conflict (id) do nothing;
insert into topics (id,chapter_id,title,weight,sort_order) values ('bio2-s1-c9-t2','bio2-s1-c9','ঋতুচক্র ও অমরা',60,1) on conflict (id) do nothing;
insert into chapters (id,section_id,title,est_mcq,est_sq,sort_order) values ('bio2-s1-c10','bio2-s1','১০ম অধ্যায়: মানবদেহের প্রতিরক্ষা',1,0,9) on conflict (id) do nothing;
insert into topics (id,chapter_id,title,weight,sort_order) values ('bio2-s1-c10-t1','bio2-s1-c10','অনাক্রম্যতা ও অ্যান্টিবডি',65,0) on conflict (id) do nothing;
insert into chapters (id,section_id,title,est_mcq,est_sq,sort_order) values ('bio2-s1-c11','bio2-s1','১১তম অধ্যায়: জিনতত্ত্ব ও বিবর্তন',3,0,10) on conflict (id) do nothing;
insert into topics (id,chapter_id,title,weight,sort_order) values ('bio2-s1-c11-t1','bio2-s1-c11','মেন্ডেলের সূত্র ও ক্রস',95,0) on conflict (id) do nothing;
insert into topics (id,chapter_id,title,weight,sort_order) values ('bio2-s1-c11-t2','bio2-s1-c11','রক্তের গ্রুপ ও সেক্স-লিংকড বৈশিষ্ট্য',80,1) on conflict (id) do nothing;
insert into topics (id,chapter_id,title,weight,sort_order) values ('bio2-s1-c11-t3','bio2-s1-c11','বিবর্তন তত্ত্ব',55,2) on conflict (id) do nothing;
insert into chapters (id,section_id,title,est_mcq,est_sq,sort_order) values ('bio2-s1-c12','bio2-s1','১২তম অধ্যায়: প্রাণীর আচরণ',1,0,11) on conflict (id) do nothing;
insert into topics (id,chapter_id,title,weight,sort_order) values ('bio2-s1-c12-t1','bio2-s1-c12','সহজাত ও শিক্ষণ আচরণ',50,0) on conflict (id) do nothing;

insert into subjects (id,title,short_code,icon_emoji,is_active,rank_science,rank_business,rank_humanities,max_cq,max_mcq,max_sq,cq_value_per_q,sq_value_per_q,alt_marks_scheme,cq_label) values ('ict','তথ্য ও যোগাযোগ প্রযুক্তি','ICT','💻',true,9,9,9,50,25,0,10,2,false,null) on conflict (id) do nothing;
insert into sections (id,subject_id,title,min_cq_required,total_cq_available,cq_value_per_q,sort_order) values ('ict-s1','ict','পূর্ণাঙ্গ সিলেবাস',5,6,0,0) on conflict (id) do nothing;
insert into chapters (id,section_id,title,est_mcq,est_sq,sort_order) values ('ict-s1-c1','ict-s1','১ম অধ্যায়: বিশ্ব ও বাংলাদেশ প্রেক্ষিত',3,0,0) on conflict (id) do nothing;
insert into topics (id,chapter_id,title,weight,sort_order) values ('ict-s1-c1-t1','ict-s1-c1','বায়োমেট্রিক্স, রোবোটিক্স ও AI',75,0) on conflict (id) do nothing;
insert into topics (id,chapter_id,title,weight,sort_order) values ('ict-s1-c1-t2','ict-s1-c1','ভার্চুয়াল রিয়েলিটি ও বায়োইনফরমেট্রিক্স',65,1) on conflict (id) do nothing;
insert into topics (id,chapter_id,title,weight,sort_order) values ('ict-s1-c1-t3','ict-s1-c1','ন্যানোটেকনোলজি ও জেনেটিক ইঞ্জিনিয়ারিং',60,2) on conflict (id) do nothing;
insert into chapters (id,section_id,title,est_mcq,est_sq,sort_order) values ('ict-s1-c2','ict-s1','২য় অধ্যায়: কমিউনিকেশন সিস্টেমস ও নেটওয়ার্কিং',4,0,1) on conflict (id) do nothing;
insert into topics (id,chapter_id,title,weight,sort_order) values ('ict-s1-c2-t1','ict-s1-c2','ডেটা ট্রান্সমিশন মোড ও মাধ্যম',85,0) on conflict (id) do nothing;
insert into topics (id,chapter_id,title,weight,sort_order) values ('ict-s1-c2-t2','ict-s1-c2','নেটওয়ার্ক টপোলজি ও ডিভাইস',85,1) on conflict (id) do nothing;
insert into topics (id,chapter_id,title,weight,sort_order) values ('ict-s1-c2-t3','ict-s1-c2','ক্লাউড ও মোবাইল প্রজন্ম',60,2) on conflict (id) do nothing;
insert into chapters (id,section_id,title,est_mcq,est_sq,sort_order) values ('ict-s1-c3','ict-s1','৩য় অধ্যায়: সংখ্যা পদ্ধতি ও ডিজিটাল ডিভাইস',5,0,2) on conflict (id) do nothing;
insert into topics (id,chapter_id,title,weight,sort_order) values ('ict-s1-c3-t1','ict-s1-c3','সংখ্যা পদ্ধতি রূপান্তর ও কোড',95,0) on conflict (id) do nothing;
insert into topics (id,chapter_id,title,weight,sort_order) values ('ict-s1-c3-t2','ict-s1-c3','লজিক গেইট ও বুলিয়ান অ্যালজেবরা',95,1) on conflict (id) do nothing;
insert into topics (id,chapter_id,title,weight,sort_order) values ('ict-s1-c3-t3','ict-s1-c3','অ্যাডার, এনকোডার ও রেজিস্টার',75,2) on conflict (id) do nothing;
insert into chapters (id,section_id,title,est_mcq,est_sq,sort_order) values ('ict-s1-c4','ict-s1','৪র্থ অধ্যায়: ওয়েব ডিজাইন ও HTML',4,0,3) on conflict (id) do nothing;
insert into topics (id,chapter_id,title,weight,sort_order) values ('ict-s1-c4-t1','ict-s1-c4','HTML ট্যাগ, টেবিল ও তালিকা',90,0) on conflict (id) do nothing;
insert into topics (id,chapter_id,title,weight,sort_order) values ('ict-s1-c4-t2','ict-s1-c4','হাইপারলিংক, ইমেজ ও ফর্ম',70,1) on conflict (id) do nothing;
insert into chapters (id,section_id,title,est_mcq,est_sq,sort_order) values ('ict-s1-c5','ict-s1','৫ম অধ্যায়: প্রোগ্রামিং ভাষা (C)',5,0,4) on conflict (id) do nothing;
insert into topics (id,chapter_id,title,weight,sort_order) values ('ict-s1-c5-t1','ict-s1-c5','ডেটা টাইপ, অপারেটর ও কন্ডিশন',90,0) on conflict (id) do nothing;
insert into topics (id,chapter_id,title,weight,sort_order) values ('ict-s1-c5-t2','ict-s1-c5','লুপ ও অ্যারে',90,1) on conflict (id) do nothing;
insert into topics (id,chapter_id,title,weight,sort_order) values ('ict-s1-c5-t3','ict-s1-c5','ফাংশন',70,2) on conflict (id) do nothing;
insert into chapters (id,section_id,title,est_mcq,est_sq,sort_order) values ('ict-s1-c6','ict-s1','৬ষ্ঠ অধ্যায়: ডেটাবেজ ম্যানেজমেন্ট সিস্টেম',4,0,5) on conflict (id) do nothing;
insert into topics (id,chapter_id,title,weight,sort_order) values ('ict-s1-c6-t1','ict-s1-c6','DBMS, রিলেশন ও কী',85,0) on conflict (id) do nothing;
insert into topics (id,chapter_id,title,weight,sort_order) values ('ict-s1-c6-t2','ict-s1-c6','SQL ও কুয়েরি',80,1) on conflict (id) do nothing;

insert into subjects (id,title,short_code,icon_emoji,is_active,rank_science,rank_business,rank_humanities,max_cq,max_mcq,max_sq,cq_value_per_q,sq_value_per_q,alt_marks_scheme,cq_label) values ('bangla1','বাংলা ১ম পত্র','Bangla 1st','📖',true,10,10,1,70,30,0,10,2,false,null) on conflict (id) do nothing;
insert into sections (id,subject_id,title,min_cq_required,total_cq_available,cq_value_per_q,sort_order) values ('bangla1-s1','bangla1','গদ্য',3,4,0,0) on conflict (id) do nothing;
insert into chapters (id,section_id,title,est_mcq,est_sq,sort_order) values ('bangla1-s1-c1','bangla1-s1','অপরিচিতা — রবীন্দ্রনাথ ঠাকুর',3,0,0) on conflict (id) do nothing;
insert into topics (id,chapter_id,title,weight,sort_order) values ('bangla1-s1-c1-t1','bangla1-s1-c1','অনুপম ও কল্যাণীর চরিত্র',90,0) on conflict (id) do nothing;
insert into topics (id,chapter_id,title,weight,sort_order) values ('bangla1-s1-c1-t2','bangla1-s1-c1','যৌতুক প্রথা ও নারী জাগরণ',75,1) on conflict (id) do nothing;
insert into chapters (id,section_id,title,est_mcq,est_sq,sort_order) values ('bangla1-s1-c2','bangla1-s1','বিলাসী — শরৎচন্দ্র চট্টোপাধ্যায়',2,0,1) on conflict (id) do nothing;
insert into topics (id,chapter_id,title,weight,sort_order) values ('bangla1-s1-c2-t1','bangla1-s1-c2','মৃত্যুঞ্জয় ও বিলাসীর আত্মত্যাগ',80,0) on conflict (id) do nothing;
insert into topics (id,chapter_id,title,weight,sort_order) values ('bangla1-s1-c2-t2','bangla1-s1-c2','সমাজ ও কুসংস্কার',65,1) on conflict (id) do nothing;
insert into chapters (id,section_id,title,est_mcq,est_sq,sort_order) values ('bangla1-s1-c3','bangla1-s1','আমার পথ — কাজী নজরুল ইসলাম',2,0,2) on conflict (id) do nothing;
insert into topics (id,chapter_id,title,weight,sort_order) values ('bangla1-s1-c3-t1','bangla1-s1-c3','আত্মনির্ভরতা ও সত্য প্রকাশ',75,0) on conflict (id) do nothing;
insert into chapters (id,section_id,title,est_mcq,est_sq,sort_order) values ('bangla1-s1-c4','bangla1-s1','মানব-কল্যাণ — আবুল ফজল',2,0,3) on conflict (id) do nothing;
insert into topics (id,chapter_id,title,weight,sort_order) values ('bangla1-s1-c4-t1','bangla1-s1-c4','মানবকল্যাণের প্রকৃত রূপ',70,0) on conflict (id) do nothing;
insert into chapters (id,section_id,title,est_mcq,est_sq,sort_order) values ('bangla1-s1-c5','bangla1-s1','মাসি-পিসি — মানিক বন্দ্যোপাধ্যায়',2,0,4) on conflict (id) do nothing;
insert into topics (id,chapter_id,title,weight,sort_order) values ('bangla1-s1-c5-t1','bangla1-s1-c5','আহ্লাদি ও নারীর সংগ্রাম',70,0) on conflict (id) do nothing;
insert into chapters (id,section_id,title,est_mcq,est_sq,sort_order) values ('bangla1-s1-c6','bangla1-s1','বায়ান্নর দিনগুলো — শেখ মুজিবুর রহমান',2,0,5) on conflict (id) do nothing;
insert into topics (id,chapter_id,title,weight,sort_order) values ('bangla1-s1-c6-t1','bangla1-s1-c6','ভাষা আন্দোলন ও কারাজীবন',75,0) on conflict (id) do nothing;
insert into sections (id,subject_id,title,min_cq_required,total_cq_available,cq_value_per_q,sort_order) values ('bangla1-s2','bangla1','পদ্য',3,4,0,1) on conflict (id) do nothing;
insert into chapters (id,section_id,title,est_mcq,est_sq,sort_order) values ('bangla1-s2-c1','bangla1-s2','বিদ্রোহী — কাজী নজরুল ইসলাম',3,0,0) on conflict (id) do nothing;
insert into topics (id,chapter_id,title,weight,sort_order) values ('bangla1-s2-c1-t1','bangla1-s2-c1','বিদ্রোহী চেতনা ও পুরাণ-উপমা',90,0) on conflict (id) do nothing;
insert into chapters (id,section_id,title,est_mcq,est_sq,sort_order) values ('bangla1-s2-c2','bangla1-s2','সোনার তরী — রবীন্দ্রনাথ ঠাকুর',2,0,1) on conflict (id) do nothing;
insert into topics (id,chapter_id,title,weight,sort_order) values ('bangla1-s2-c2-t1','bangla1-s2-c2','রূপক ও জীবনদর্শন',85,0) on conflict (id) do nothing;
insert into chapters (id,section_id,title,est_mcq,est_sq,sort_order) values ('bangla1-s2-c3','bangla1-s2','তাহারেই পড়ে মনে — সুফিয়া কামাল',2,0,2) on conflict (id) do nothing;
insert into topics (id,chapter_id,title,weight,sort_order) values ('bangla1-s2-c3-t1','bangla1-s2-c3','বিরহ ও ঋতুচেতনা',70,0) on conflict (id) do nothing;
insert into chapters (id,section_id,title,est_mcq,est_sq,sort_order) values ('bangla1-s2-c4','bangla1-s2','আঠারো বছর বয়স — সুকান্ত ভট্টাচার্য',2,0,3) on conflict (id) do nothing;
insert into topics (id,chapter_id,title,weight,sort_order) values ('bangla1-s2-c4-t1','bangla1-s2-c4','তারুণ্যের শক্তি ও দ্বন্দ্ব',75,0) on conflict (id) do nothing;
insert into chapters (id,section_id,title,est_mcq,est_sq,sort_order) values ('bangla1-s2-c5','bangla1-s2','আমি কিংবদন্তির কথা বলছি — আবু জাফর ওবায়দুল্লাহ',2,0,4) on conflict (id) do nothing;
insert into topics (id,chapter_id,title,weight,sort_order) values ('bangla1-s2-c5-t1','bangla1-s2-c5','মাটি ও মানুষের ইতিহাস',65,0) on conflict (id) do nothing;
insert into sections (id,subject_id,title,min_cq_required,total_cq_available,cq_value_per_q,sort_order) values ('bangla1-s3','bangla1','উপন্যাস ও নাটক',1,3,0,2) on conflict (id) do nothing;
insert into chapters (id,section_id,title,est_mcq,est_sq,sort_order) values ('bangla1-s3-c1','bangla1-s3','লালসালু (উপন্যাস) — সৈয়দ ওয়ালীউল্লাহ',3,0,0) on conflict (id) do nothing;
insert into topics (id,chapter_id,title,weight,sort_order) values ('bangla1-s3-c1-t1','bangla1-s3-c1','মজিদ চরিত্র ও ধর্মব্যবসা',85,0) on conflict (id) do nothing;
insert into topics (id,chapter_id,title,weight,sort_order) values ('bangla1-s3-c1-t2','bangla1-s3-c1','কুসংস্কার ও মহব্বতনগর',70,1) on conflict (id) do nothing;
insert into chapters (id,section_id,title,est_mcq,est_sq,sort_order) values ('bangla1-s3-c2','bangla1-s3','সিরাজউদ্দৌলা (নাটক) — সিকান্দার আবু জাফর',3,0,1) on conflict (id) do nothing;
insert into topics (id,chapter_id,title,weight,sort_order) values ('bangla1-s3-c2-t1','bangla1-s3-c2','সিরাজ চরিত্র ও দেশপ্রেম',85,0) on conflict (id) do nothing;
insert into topics (id,chapter_id,title,weight,sort_order) values ('bangla1-s3-c2-t2','bangla1-s3-c2','ষড়যন্ত্র ও পলাশীর যুদ্ধ',70,1) on conflict (id) do nothing;

insert into subjects (id,title,short_code,icon_emoji,is_active,rank_science,rank_business,rank_humanities,max_cq,max_mcq,max_sq,cq_value_per_q,sq_value_per_q,alt_marks_scheme,cq_label) values ('bangla2','বাংলা ২য় পত্র','Bangla 2nd','✍️',true,11,11,2,70,30,0,10,2,false,null) on conflict (id) do nothing;
insert into sections (id,subject_id,title,min_cq_required,total_cq_available,cq_value_per_q,sort_order) values ('bangla2-s1','bangla2','ব্যাকরণ',3,5,0,0) on conflict (id) do nothing;
insert into chapters (id,section_id,title,est_mcq,est_sq,sort_order) values ('bangla2-s1-c1','bangla2-s1','সন্ধি',5,0,0) on conflict (id) do nothing;
insert into topics (id,chapter_id,title,weight,sort_order) values ('bangla2-s1-c1-t1','bangla2-s1-c1','স্বরসন্ধি ও ব্যঞ্জনসন্ধি',85,0) on conflict (id) do nothing;
insert into topics (id,chapter_id,title,weight,sort_order) values ('bangla2-s1-c1-t2','bangla2-s1-c1','নিপাতনে সিদ্ধ সন্ধি',65,1) on conflict (id) do nothing;
insert into chapters (id,section_id,title,est_mcq,est_sq,sort_order) values ('bangla2-s1-c2','bangla2-s1','সমাস',5,0,1) on conflict (id) do nothing;
insert into topics (id,chapter_id,title,weight,sort_order) values ('bangla2-s1-c2-t1','bangla2-s1-c2','দ্বন্দ্ব, তৎপুরুষ ও বহুব্রীহি সমাস',90,0) on conflict (id) do nothing;
insert into topics (id,chapter_id,title,weight,sort_order) values ('bangla2-s1-c2-t2','bangla2-s1-c2','কর্মধারয় ও দ্বিগু সমাস',70,1) on conflict (id) do nothing;
insert into chapters (id,section_id,title,est_mcq,est_sq,sort_order) values ('bangla2-s1-c3','bangla2-s1','কারক ও বিভক্তি',5,0,2) on conflict (id) do nothing;
insert into topics (id,chapter_id,title,weight,sort_order) values ('bangla2-s1-c3-t1','bangla2-s1-c3','কারক নির্ণয়',90,0) on conflict (id) do nothing;
insert into topics (id,chapter_id,title,weight,sort_order) values ('bangla2-s1-c3-t2','bangla2-s1-c3','বিভক্তি ও অনুসর্গ',70,1) on conflict (id) do nothing;
insert into chapters (id,section_id,title,est_mcq,est_sq,sort_order) values ('bangla2-s1-c4','bangla2-s1','প্রকৃতি ও প্রত্যয়',4,0,3) on conflict (id) do nothing;
insert into topics (id,chapter_id,title,weight,sort_order) values ('bangla2-s1-c4-t1','bangla2-s1-c4','কৃৎ ও তদ্ধিত প্রত্যয়',80,0) on conflict (id) do nothing;
insert into chapters (id,section_id,title,est_mcq,est_sq,sort_order) values ('bangla2-s1-c5','bangla2-s1','বানান ও বাক্যশুদ্ধি',5,0,4) on conflict (id) do nothing;
insert into topics (id,chapter_id,title,weight,sort_order) values ('bangla2-s1-c5-t1','bangla2-s1-c5','বাংলা বানানের নিয়ম',85,0) on conflict (id) do nothing;
insert into topics (id,chapter_id,title,weight,sort_order) values ('bangla2-s1-c5-t2','bangla2-s1-c5','বাক্য শুদ্ধিকরণ',70,1) on conflict (id) do nothing;
insert into chapters (id,section_id,title,est_mcq,est_sq,sort_order) values ('bangla2-s1-c6','bangla2-s1','পদ প্রকরণ',3,0,5) on conflict (id) do nothing;
insert into topics (id,chapter_id,title,weight,sort_order) values ('bangla2-s1-c6-t1','bangla2-s1-c6','পদ চিনে নির্ণয়',70,0) on conflict (id) do nothing;
insert into chapters (id,section_id,title,est_mcq,est_sq,sort_order) values ('bangla2-s1-c7','bangla2-s1','বাগধারা ও বাক্য সংকোচন',3,0,6) on conflict (id) do nothing;
insert into topics (id,chapter_id,title,weight,sort_order) values ('bangla2-s1-c7-t1','bangla2-s1-c7','বাগধারার অর্থ',75,0) on conflict (id) do nothing;
insert into topics (id,chapter_id,title,weight,sort_order) values ('bangla2-s1-c7-t2','bangla2-s1-c7','এক কথায় প্রকাশ',70,1) on conflict (id) do nothing;
insert into sections (id,subject_id,title,min_cq_required,total_cq_available,cq_value_per_q,sort_order) values ('bangla2-s2','bangla2','নির্মিতি',4,6,0,1) on conflict (id) do nothing;
insert into chapters (id,section_id,title,est_mcq,est_sq,sort_order) values ('bangla2-s2-c1','bangla2-s2','সারাংশ ও সারমর্ম',0,0,0) on conflict (id) do nothing;
insert into topics (id,chapter_id,title,weight,sort_order) values ('bangla2-s2-c1-t1','bangla2-s2-c1','সারাংশ লিখন',80,0) on conflict (id) do nothing;
insert into topics (id,chapter_id,title,weight,sort_order) values ('bangla2-s2-c1-t2','bangla2-s2-c1','সারমর্ম লিখন',75,1) on conflict (id) do nothing;
insert into chapters (id,section_id,title,est_mcq,est_sq,sort_order) values ('bangla2-s2-c2','bangla2-s2','ভাবসম্প্রসারণ',0,0,1) on conflict (id) do nothing;
insert into topics (id,chapter_id,title,weight,sort_order) values ('bangla2-s2-c2-t1','bangla2-s2-c2','ভাব ও তাৎপর্য বিশ্লেষণ',80,0) on conflict (id) do nothing;
insert into chapters (id,section_id,title,est_mcq,est_sq,sort_order) values ('bangla2-s2-c3','bangla2-s2','পত্র ও দরখাস্ত',0,0,2) on conflict (id) do nothing;
insert into topics (id,chapter_id,title,weight,sort_order) values ('bangla2-s2-c3-t1','bangla2-s2-c3','আবেদনপত্র ও মানপত্র',75,0) on conflict (id) do nothing;
insert into topics (id,chapter_id,title,weight,sort_order) values ('bangla2-s2-c3-t2','bangla2-s2-c3','ব্যক্তিগত ও ব্যবহারিক পত্র',65,1) on conflict (id) do nothing;
insert into chapters (id,section_id,title,est_mcq,est_sq,sort_order) values ('bangla2-s2-c4','bangla2-s2','প্রতিবেদন রচনা',0,0,3) on conflict (id) do nothing;
insert into topics (id,chapter_id,title,weight,sort_order) values ('bangla2-s2-c4-t1','bangla2-s2-c4','সংবাদ ও ঘটনা প্রতিবেদন',80,0) on conflict (id) do nothing;
insert into chapters (id,section_id,title,est_mcq,est_sq,sort_order) values ('bangla2-s2-c5','bangla2-s2','সংলাপ ও খুদে গল্প',0,0,4) on conflict (id) do nothing;
insert into topics (id,chapter_id,title,weight,sort_order) values ('bangla2-s2-c5-t1','bangla2-s2-c5','সংলাপ রচনা',65,0) on conflict (id) do nothing;
insert into topics (id,chapter_id,title,weight,sort_order) values ('bangla2-s2-c5-t2','bangla2-s2-c5','খুদে গল্প',60,1) on conflict (id) do nothing;
insert into chapters (id,section_id,title,est_mcq,est_sq,sort_order) values ('bangla2-s2-c6','bangla2-s2','প্রবন্ধ রচনা',0,0,5) on conflict (id) do nothing;
insert into topics (id,chapter_id,title,weight,sort_order) values ('bangla2-s2-c6-t1','bangla2-s2-c6','বিষয়ভিত্তিক প্রবন্ধ',85,0) on conflict (id) do nothing;

insert into subjects (id,title,short_code,icon_emoji,is_active,rank_science,rank_business,rank_humanities,max_cq,max_mcq,max_sq,cq_value_per_q,sq_value_per_q,alt_marks_scheme,cq_label) values ('english1','English 1st Paper','English 1st','🔤',true,12,12,3,0,0,100,10,1,false,null) on conflict (id) do nothing;
insert into sections (id,subject_id,title,min_cq_required,total_cq_available,cq_value_per_q,sort_order) values ('english1-s1','english1','Part A — Reading (60)',0,0,0,0) on conflict (id) do nothing;
insert into chapters (id,section_id,title,est_mcq,est_sq,sort_order) values ('english1-s1-c1','english1-s1','Seen Comprehension — MCQ & Q&A',0,15,0) on conflict (id) do nothing;
insert into topics (id,chapter_id,title,weight,sort_order) values ('english1-s1-c1-t1','english1-s1-c1','MCQ from passage',90,0) on conflict (id) do nothing;
insert into topics (id,chapter_id,title,weight,sort_order) values ('english1-s1-c1-t2','english1-s1-c1','Open-ended questions (answer in own words)',85,1) on conflict (id) do nothing;
insert into chapters (id,section_id,title,est_mcq,est_sq,sort_order) values ('english1-s1-c2','english1-s1','Information Transfer / Flow Chart',0,10,1) on conflict (id) do nothing;
insert into topics (id,chapter_id,title,weight,sort_order) values ('english1-s1-c2-t1','english1-s1-c2','Filling charts & tables',80,0) on conflict (id) do nothing;
insert into chapters (id,section_id,title,est_mcq,est_sq,sort_order) values ('english1-s1-c3','english1-s1','Summary Writing',0,10,2) on conflict (id) do nothing;
insert into topics (id,chapter_id,title,weight,sort_order) values ('english1-s1-c3-t1','english1-s1-c3','Writing a summary of the passage',80,0) on conflict (id) do nothing;
insert into chapters (id,section_id,title,est_mcq,est_sq,sort_order) values ('english1-s1-c4','english1-s1','Cloze Test (with & without clues)',0,10,3) on conflict (id) do nothing;
insert into topics (id,chapter_id,title,weight,sort_order) values ('english1-s1-c4-t1','english1-s1-c4','Gap filling with clues',80,0) on conflict (id) do nothing;
insert into topics (id,chapter_id,title,weight,sort_order) values ('english1-s1-c4-t2','english1-s1-c4','Gap filling without clues',75,1) on conflict (id) do nothing;
insert into chapters (id,section_id,title,est_mcq,est_sq,sort_order) values ('english1-s1-c5','english1-s1','Rearranging & Matching',0,15,4) on conflict (id) do nothing;
insert into topics (id,chapter_id,title,weight,sort_order) values ('english1-s1-c5-t1','english1-s1-c5','Rearranging sentences into a story',80,0) on conflict (id) do nothing;
insert into topics (id,chapter_id,title,weight,sort_order) values ('english1-s1-c5-t2','english1-s1-c5','Matching to make meaning',70,1) on conflict (id) do nothing;
insert into sections (id,subject_id,title,min_cq_required,total_cq_available,cq_value_per_q,sort_order) values ('english1-s2','english1','Part B — Writing (40)',0,0,0,1) on conflict (id) do nothing;
insert into chapters (id,section_id,title,est_mcq,est_sq,sort_order) values ('english1-s2-c1','english1-s2','Paragraph Writing',0,10,0) on conflict (id) do nothing;
insert into topics (id,chapter_id,title,weight,sort_order) values ('english1-s2-c1-t1','english1-s2-c1','Paragraph (cause-effect / listing)',85,0) on conflict (id) do nothing;
insert into chapters (id,section_id,title,est_mcq,est_sq,sort_order) values ('english1-s2-c2','english1-s2','Completing a Story',0,10,1) on conflict (id) do nothing;
insert into topics (id,chapter_id,title,weight,sort_order) values ('english1-s2-c2-t1','english1-s2-c2','Completing the story with moral',80,0) on conflict (id) do nothing;
insert into chapters (id,section_id,title,est_mcq,est_sq,sort_order) values ('english1-s2-c3','english1-s2','Informal Email / Letter',0,10,2) on conflict (id) do nothing;
insert into topics (id,chapter_id,title,weight,sort_order) values ('english1-s2-c3-t1','english1-s2-c3','Email to a friend',80,0) on conflict (id) do nothing;
insert into chapters (id,section_id,title,est_mcq,est_sq,sort_order) values ('english1-s2-c4','english1-s2','Describing Graph / Chart / Process',0,10,3) on conflict (id) do nothing;
insert into topics (id,chapter_id,title,weight,sort_order) values ('english1-s2-c4-t1','english1-s2-c4','Graph & chart description',75,0) on conflict (id) do nothing;

insert into subjects (id,title,short_code,icon_emoji,is_active,rank_science,rank_business,rank_humanities,max_cq,max_mcq,max_sq,cq_value_per_q,sq_value_per_q,alt_marks_scheme,cq_label) values ('english2','English 2nd Paper','English 2nd','📝',true,13,13,4,0,0,100,10,1,false,null) on conflict (id) do nothing;
insert into sections (id,subject_id,title,min_cq_required,total_cq_available,cq_value_per_q,sort_order) values ('english2-s1','english2','Part A — Grammar (60)',0,0,0,0) on conflict (id) do nothing;
insert into chapters (id,section_id,title,est_mcq,est_sq,sort_order) values ('english2-s1-c1','english2-s1','Articles & Prepositions',0,10,0) on conflict (id) do nothing;
insert into topics (id,chapter_id,title,weight,sort_order) values ('english2-s1-c1-t1','english2-s1-c1','Gap filling with articles',85,0) on conflict (id) do nothing;
insert into topics (id,chapter_id,title,weight,sort_order) values ('english2-s1-c1-t2','english2-s1-c1','Prepositions in context',85,1) on conflict (id) do nothing;
insert into chapters (id,section_id,title,est_mcq,est_sq,sort_order) values ('english2-s1-c2','english2-s1','Right Form of Verbs',0,10,1) on conflict (id) do nothing;
insert into topics (id,chapter_id,title,weight,sort_order) values ('english2-s1-c2-t1','english2-s1-c2','Tense & verb agreement',90,0) on conflict (id) do nothing;
insert into chapters (id,section_id,title,est_mcq,est_sq,sort_order) values ('english2-s1-c3','english2-s1','Narration',0,7,2) on conflict (id) do nothing;
insert into topics (id,chapter_id,title,weight,sort_order) values ('english2-s1-c3-t1','english2-s1-c3','Direct to indirect speech',80,0) on conflict (id) do nothing;
insert into chapters (id,section_id,title,est_mcq,est_sq,sort_order) values ('english2-s1-c4','english2-s1','Transformation of Sentences',0,7,3) on conflict (id) do nothing;
insert into topics (id,chapter_id,title,weight,sort_order) values ('english2-s1-c4-t1','english2-s1-c4','Simple / complex / compound',80,0) on conflict (id) do nothing;
insert into chapters (id,section_id,title,est_mcq,est_sq,sort_order) values ('english2-s1-c5','english2-s1','Completing Sentences',0,7,4) on conflict (id) do nothing;
insert into topics (id,chapter_id,title,weight,sort_order) values ('english2-s1-c5-t1','english2-s1-c5','Using clauses & phrases',75,0) on conflict (id) do nothing;
insert into chapters (id,section_id,title,est_mcq,est_sq,sort_order) values ('english2-s1-c6','english2-s1','Modifiers & Connectors',0,9,5) on conflict (id) do nothing;
insert into topics (id,chapter_id,title,weight,sort_order) values ('english2-s1-c6-t1','english2-s1-c6','Use of modifiers',75,0) on conflict (id) do nothing;
insert into topics (id,chapter_id,title,weight,sort_order) values ('english2-s1-c6-t2','english2-s1-c6','Sentence connectors',75,1) on conflict (id) do nothing;
insert into chapters (id,section_id,title,est_mcq,est_sq,sort_order) values ('english2-s1-c7','english2-s1','Synonym / Antonym & Punctuation',0,10,6) on conflict (id) do nothing;
insert into topics (id,chapter_id,title,weight,sort_order) values ('english2-s1-c7-t1','english2-s1-c7','Word meaning in context',65,0) on conflict (id) do nothing;
insert into topics (id,chapter_id,title,weight,sort_order) values ('english2-s1-c7-t2','english2-s1-c7','Punctuation & capitalization',70,1) on conflict (id) do nothing;
insert into sections (id,subject_id,title,min_cq_required,total_cq_available,cq_value_per_q,sort_order) values ('english2-s2','english2','Part B — Composition (40)',0,0,0,1) on conflict (id) do nothing;
insert into chapters (id,section_id,title,est_mcq,est_sq,sort_order) values ('english2-s2-c1','english2-s2','CV with Cover Letter / Application',0,10,0) on conflict (id) do nothing;
insert into topics (id,chapter_id,title,weight,sort_order) values ('english2-s2-c1-t1','english2-s2-c1','Job application & CV',80,0) on conflict (id) do nothing;
insert into chapters (id,section_id,title,est_mcq,est_sq,sort_order) values ('english2-s2-c2','english2-s2','Paragraph Writing',0,10,1) on conflict (id) do nothing;
insert into topics (id,chapter_id,title,weight,sort_order) values ('english2-s2-c2-t1','english2-s2-c2','Descriptive / argumentative paragraph',80,0) on conflict (id) do nothing;
insert into chapters (id,section_id,title,est_mcq,est_sq,sort_order) values ('english2-s2-c3','english2-s2','Report Writing',0,10,2) on conflict (id) do nothing;
insert into topics (id,chapter_id,title,weight,sort_order) values ('english2-s2-c3-t1','english2-s2-c3','Newspaper / event report',80,0) on conflict (id) do nothing;
insert into chapters (id,section_id,title,est_mcq,est_sq,sort_order) values ('english2-s2-c4','english2-s2','Composition / Essay',0,10,3) on conflict (id) do nothing;
insert into topics (id,chapter_id,title,weight,sort_order) values ('english2-s2-c4-t1','english2-s2-c4','Essay on common topics',80,0) on conflict (id) do nothing;

insert into subjects (id,title,short_code,icon_emoji,is_active,rank_science,rank_business,rank_humanities,max_cq,max_mcq,max_sq,cq_value_per_q,sq_value_per_q,alt_marks_scheme,cq_label) values ('acc1','হিসাববিজ্ঞান ১ম পত্র','Accounting 1st','🧾',true,null,1,null,70,30,0,10,2,false,null) on conflict (id) do nothing;
insert into sections (id,subject_id,title,min_cq_required,total_cq_available,cq_value_per_q,sort_order) values ('acc1-s1','acc1','পূর্ণাঙ্গ সিলেবাস',7,11,0,0) on conflict (id) do nothing;
insert into chapters (id,section_id,title,est_mcq,est_sq,sort_order) values ('acc1-s1-c1','acc1-s1','১ম অধ্যায়: হিসাববিজ্ঞান পরিচিতি',3,0,0) on conflict (id) do nothing;
insert into topics (id,chapter_id,title,weight,sort_order) values ('acc1-s1-c1-t1','acc1-s1-c1','হিসাববিজ্ঞানের উদ্দেশ্য ও পরিধি',65,0) on conflict (id) do nothing;
insert into chapters (id,section_id,title,est_mcq,est_sq,sort_order) values ('acc1-s1-c2','acc1-s1','২য় অধ্যায়: দুতরফা দাখিলা পদ্ধতি',3,0,1) on conflict (id) do nothing;
insert into topics (id,chapter_id,title,weight,sort_order) values ('acc1-s1-c2-t1','acc1-s1-c2','ডেবিট-ক্রেডিট ও হিসাব সমীকরণ',80,0) on conflict (id) do nothing;
insert into chapters (id,section_id,title,est_mcq,est_sq,sort_order) values ('acc1-s1-c3','acc1-s1','৩য় অধ্যায়: লেনদেন',3,0,2) on conflict (id) do nothing;
insert into topics (id,chapter_id,title,weight,sort_order) values ('acc1-s1-c3-t1','acc1-s1-c3','লেনদেনের বৈশিষ্ট্য ও শ্রেণিবিভাগ',70,0) on conflict (id) do nothing;
insert into chapters (id,section_id,title,est_mcq,est_sq,sort_order) values ('acc1-s1-c4','acc1-s1','৪র্থ অধ্যায়: জাবেদা',4,0,3) on conflict (id) do nothing;
insert into topics (id,chapter_id,title,weight,sort_order) values ('acc1-s1-c4-t1','acc1-s1-c4','সাধারণ জাবেদা',90,0) on conflict (id) do nothing;
insert into topics (id,chapter_id,title,weight,sort_order) values ('acc1-s1-c4-t2','acc1-s1-c4','বিশেষ জাবেদা',70,1) on conflict (id) do nothing;
insert into chapters (id,section_id,title,est_mcq,est_sq,sort_order) values ('acc1-s1-c5','acc1-s1','৫ম অধ্যায়: খতিয়ান',3,0,4) on conflict (id) do nothing;
insert into topics (id,chapter_id,title,weight,sort_order) values ('acc1-s1-c5-t1','acc1-s1-c5','খতিয়ান প্রস্তুত ও জের নির্ণয়',85,0) on conflict (id) do nothing;
insert into chapters (id,section_id,title,est_mcq,est_sq,sort_order) values ('acc1-s1-c6','acc1-s1','৬ষ্ঠ অধ্যায়: নগদান বই',4,0,5) on conflict (id) do nothing;
insert into topics (id,chapter_id,title,weight,sort_order) values ('acc1-s1-c6-t1','acc1-s1-c6','তিনঘরা নগদান বই',85,0) on conflict (id) do nothing;
insert into topics (id,chapter_id,title,weight,sort_order) values ('acc1-s1-c6-t2','acc1-s1-c6','খুচরা নগদান বই',60,1) on conflict (id) do nothing;
insert into chapters (id,section_id,title,est_mcq,est_sq,sort_order) values ('acc1-s1-c7','acc1-s1','৭ম অধ্যায়: রেওয়ামিল',4,0,6) on conflict (id) do nothing;
insert into topics (id,chapter_id,title,weight,sort_order) values ('acc1-s1-c7-t1','acc1-s1-c7','রেওয়ামিল প্রস্তুত ও ভুল সংশোধন',90,0) on conflict (id) do nothing;
insert into chapters (id,section_id,title,est_mcq,est_sq,sort_order) values ('acc1-s1-c8','acc1-s1','৮ম অধ্যায়: প্রাপ্য ও প্রদেয় বিল',3,0,7) on conflict (id) do nothing;
insert into topics (id,chapter_id,title,weight,sort_order) values ('acc1-s1-c8-t1','acc1-s1-c8','বিল বাট্টাকরণ ও অসম্মান',70,0) on conflict (id) do nothing;
insert into chapters (id,section_id,title,est_mcq,est_sq,sort_order) values ('acc1-s1-c9','acc1-s1','৯ম অধ্যায়: ব্যাংক সমন্বয় বিবরণী',3,0,8) on conflict (id) do nothing;
insert into topics (id,chapter_id,title,weight,sort_order) values ('acc1-s1-c9-t1','acc1-s1-c9','ব্যাংক সমন্বয় বিবরণী প্রস্তুত',85,0) on conflict (id) do nothing;

insert into subjects (id,title,short_code,icon_emoji,is_active,rank_science,rank_business,rank_humanities,max_cq,max_mcq,max_sq,cq_value_per_q,sq_value_per_q,alt_marks_scheme,cq_label) values ('acc2','হিসাববিজ্ঞান ২য় পত্র','Accounting 2nd','📒',true,null,2,null,70,30,0,10,2,false,null) on conflict (id) do nothing;
insert into sections (id,subject_id,title,min_cq_required,total_cq_available,cq_value_per_q,sort_order) values ('acc2-s1','acc2','পূর্ণাঙ্গ সিলেবাস',7,11,0,0) on conflict (id) do nothing;
insert into chapters (id,section_id,title,est_mcq,est_sq,sort_order) values ('acc2-s1-c1','acc2-s1','১ম অধ্যায়: আর্থিক বিবরণী',5,0,0) on conflict (id) do nothing;
insert into topics (id,chapter_id,title,weight,sort_order) values ('acc2-s1-c1-t1','acc2-s1-c1','আয় বিবরণী ও উদ্বৃত্তপত্র',95,0) on conflict (id) do nothing;
insert into topics (id,chapter_id,title,weight,sort_order) values ('acc2-s1-c1-t2','acc2-s1-c1','সমন্বয় দাখিলা',85,1) on conflict (id) do nothing;
insert into chapters (id,section_id,title,est_mcq,est_sq,sort_order) values ('acc2-s1-c2','acc2-s1','২য় অধ্যায়: কুঋণ, প্রাপ্য হিসাব ও সঞ্চিতি',3,0,1) on conflict (id) do nothing;
insert into topics (id,chapter_id,title,weight,sort_order) values ('acc2-s1-c2-t1','acc2-s1-c2','কুঋণ ও কুঋণ সঞ্চিতি',75,0) on conflict (id) do nothing;
insert into chapters (id,section_id,title,est_mcq,est_sq,sort_order) values ('acc2-s1-c3','acc2-s1','৩য় অধ্যায়: অবচয়',4,0,2) on conflict (id) do nothing;
insert into topics (id,chapter_id,title,weight,sort_order) values ('acc2-s1-c3-t1','acc2-s1-c3','সরলরৈখিক ও ক্রমহ্রাসমান পদ্ধতি',85,0) on conflict (id) do nothing;
insert into topics (id,chapter_id,title,weight,sort_order) values ('acc2-s1-c3-t2','acc2-s1-c3','সম্পদ বিক্রয় ও বিনিময়',65,1) on conflict (id) do nothing;
insert into chapters (id,section_id,title,est_mcq,est_sq,sort_order) values ('acc2-s1-c4','acc2-s1','৪র্থ অধ্যায়: প্রাপ্য ও প্রদেয় বিল',3,0,3) on conflict (id) do nothing;
insert into topics (id,chapter_id,title,weight,sort_order) values ('acc2-s1-c4-t1','acc2-s1-c4','বিল হিসাবভুক্তকরণ',70,0) on conflict (id) do nothing;
insert into chapters (id,section_id,title,est_mcq,est_sq,sort_order) values ('acc2-s1-c5','acc2-s1','৫ম অধ্যায়: অংশীদারি কারবারের হিসাব',4,0,4) on conflict (id) do nothing;
insert into topics (id,chapter_id,title,weight,sort_order) values ('acc2-s1-c5-t1','acc2-s1-c5','মুনাফা বণ্টন ও চলতি হিসাব',85,0) on conflict (id) do nothing;
insert into chapters (id,section_id,title,est_mcq,est_sq,sort_order) values ('acc2-s1-c6','acc2-s1','৬ষ্ঠ অধ্যায়: যৌথমূলধনী কোম্পানির মূলধন',4,0,5) on conflict (id) do nothing;
insert into topics (id,chapter_id,title,weight,sort_order) values ('acc2-s1-c6-t1','acc2-s1-c6','শেয়ার ইস্যু ও বাজেয়াপ্তকরণ',85,0) on conflict (id) do nothing;
insert into chapters (id,section_id,title,est_mcq,est_sq,sort_order) values ('acc2-s1-c7','acc2-s1','৭ম অধ্যায়: উৎপাদন ব্যয় হিসাব',4,0,6) on conflict (id) do nothing;
insert into topics (id,chapter_id,title,weight,sort_order) values ('acc2-s1-c7-t1','acc2-s1-c7','উৎপাদন ব্যয় বিবরণী',80,0) on conflict (id) do nothing;
insert into chapters (id,section_id,title,est_mcq,est_sq,sort_order) values ('acc2-s1-c8','acc2-s1','৮ম অধ্যায়: আর্থিক বিবরণী বিশ্লেষণ (অনুপাত)',3,0,7) on conflict (id) do nothing;
insert into topics (id,chapter_id,title,weight,sort_order) values ('acc2-s1-c8-t1','acc2-s1-c8','তারল্য ও মুনাফা অনুপাত',80,0) on conflict (id) do nothing;

insert into subjects (id,title,short_code,icon_emoji,is_active,rank_science,rank_business,rank_humanities,max_cq,max_mcq,max_sq,cq_value_per_q,sq_value_per_q,alt_marks_scheme,cq_label) values ('fin1','ফিন্যান্স, ব্যাংকিং ও বিমা ১ম পত্র','Finance 1st','🏦',true,null,3,null,70,30,0,10,2,false,null) on conflict (id) do nothing;
insert into sections (id,subject_id,title,min_cq_required,total_cq_available,cq_value_per_q,sort_order) values ('fin1-s1','fin1','পূর্ণাঙ্গ সিলেবাস',7,11,0,0) on conflict (id) do nothing;
insert into chapters (id,section_id,title,est_mcq,est_sq,sort_order) values ('fin1-s1-c1','fin1-s1','১ম অধ্যায়: অর্থায়নের সূচনা',3,0,0) on conflict (id) do nothing;
insert into topics (id,chapter_id,title,weight,sort_order) values ('fin1-s1-c1-t1','fin1-s1-c1','অর্থায়নের লক্ষ্য, নীতি ও পরিধি',70,0) on conflict (id) do nothing;
insert into chapters (id,section_id,title,est_mcq,est_sq,sort_order) values ('fin1-s1-c2','fin1-s1','২য় অধ্যায়: আর্থিক বিবরণী ও অনুপাত বিশ্লেষণ',4,0,1) on conflict (id) do nothing;
insert into topics (id,chapter_id,title,weight,sort_order) values ('fin1-s1-c2-t1','fin1-s1-c2','অনুপাত বিশ্লেষণ',80,0) on conflict (id) do nothing;
insert into chapters (id,section_id,title,est_mcq,est_sq,sort_order) values ('fin1-s1-c3','fin1-s1','৩য় অধ্যায়: অর্থের সময়মূল্য',5,0,2) on conflict (id) do nothing;
insert into topics (id,chapter_id,title,weight,sort_order) values ('fin1-s1-c3-t1','fin1-s1-c3','বর্তমান ও ভবিষ্যৎ মূল্য',95,0) on conflict (id) do nothing;
insert into topics (id,chapter_id,title,weight,sort_order) values ('fin1-s1-c3-t2','fin1-s1-c3','বার্ষিক বৃত্তি (Annuity)',85,1) on conflict (id) do nothing;
insert into chapters (id,section_id,title,est_mcq,est_sq,sort_order) values ('fin1-s1-c4','fin1-s1','৪র্থ অধ্যায়: মূলধন বাজেটিং ও বিনিয়োগ সিদ্ধান্ত',5,0,3) on conflict (id) do nothing;
insert into topics (id,chapter_id,title,weight,sort_order) values ('fin1-s1-c4-t1','fin1-s1-c4','NPV ও IRR',90,0) on conflict (id) do nothing;
insert into topics (id,chapter_id,title,weight,sort_order) values ('fin1-s1-c4-t2','fin1-s1-c4','পরিশোধকাল ও লাভ-ক্ষতি সূচক',70,1) on conflict (id) do nothing;
insert into chapters (id,section_id,title,est_mcq,est_sq,sort_order) values ('fin1-s1-c5','fin1-s1','৫ম অধ্যায়: মূলধন ব্যয়',4,0,4) on conflict (id) do nothing;
insert into topics (id,chapter_id,title,weight,sort_order) values ('fin1-s1-c5-t1','fin1-s1-c5','ভারিত গড় মূলধন ব্যয় (WACC)',85,0) on conflict (id) do nothing;
insert into chapters (id,section_id,title,est_mcq,est_sq,sort_order) values ('fin1-s1-c6','fin1-s1','৬ষ্ঠ অধ্যায়: ঝুঁকি ও মুনাফার হার',3,0,5) on conflict (id) do nothing;
insert into topics (id,chapter_id,title,weight,sort_order) values ('fin1-s1-c6-t1','fin1-s1-c6','ঝুঁকি পরিমাপ ও বৈচিত্র্যায়ন',75,0) on conflict (id) do nothing;
insert into chapters (id,section_id,title,est_mcq,est_sq,sort_order) values ('fin1-s1-c7','fin1-s1','৭ম অধ্যায়: স্বল্পমেয়াদি অর্থায়ন',3,0,6) on conflict (id) do nothing;
insert into topics (id,chapter_id,title,weight,sort_order) values ('fin1-s1-c7-t1','fin1-s1-c7','উৎস ও কার্যকরী মূলধন',65,0) on conflict (id) do nothing;
insert into chapters (id,section_id,title,est_mcq,est_sq,sort_order) values ('fin1-s1-c8','fin1-s1','৮ম অধ্যায়: দীর্ঘমেয়াদি অর্থায়ন',3,0,7) on conflict (id) do nothing;
insert into topics (id,chapter_id,title,weight,sort_order) values ('fin1-s1-c8-t1','fin1-s1-c8','শেয়ার, ঋণপত্র ও লিজিং',65,0) on conflict (id) do nothing;

insert into subjects (id,title,short_code,icon_emoji,is_active,rank_science,rank_business,rank_humanities,max_cq,max_mcq,max_sq,cq_value_per_q,sq_value_per_q,alt_marks_scheme,cq_label) values ('bom','ব্যবসায় সংগঠন ও ব্যবস্থাপনা','Business Org. & Mgmt','🏢',true,null,4,null,70,30,0,10,2,false,null) on conflict (id) do nothing;
insert into sections (id,subject_id,title,min_cq_required,total_cq_available,cq_value_per_q,sort_order) values ('bom-s1','bom','পূর্ণাঙ্গ সিলেবাস',7,11,0,0) on conflict (id) do nothing;
insert into chapters (id,section_id,title,est_mcq,est_sq,sort_order) values ('bom-s1-c1','bom-s1','১ম অধ্যায়: ব্যবসায় পরিচিতি',3,0,0) on conflict (id) do nothing;
insert into topics (id,chapter_id,title,weight,sort_order) values ('bom-s1-c1-t1','bom-s1-c1','ব্যবসায়ের ধারণা ও পরিবেশ',65,0) on conflict (id) do nothing;
insert into chapters (id,section_id,title,est_mcq,est_sq,sort_order) values ('bom-s1-c2','bom-s1','২য় অধ্যায়: ব্যবসায়ের আইনগত দিক',3,0,1) on conflict (id) do nothing;
insert into topics (id,chapter_id,title,weight,sort_order) values ('bom-s1-c2-t1','bom-s1-c2','ট্রেড লাইসেন্স, পেটেন্ট ও ট্রেডমার্ক',65,0) on conflict (id) do nothing;
insert into chapters (id,section_id,title,est_mcq,est_sq,sort_order) values ('bom-s1-c3','bom-s1','৩য় অধ্যায়: একমালিকানা ব্যবসায়',3,0,2) on conflict (id) do nothing;
insert into topics (id,chapter_id,title,weight,sort_order) values ('bom-s1-c3-t1','bom-s1-c3','বৈশিষ্ট্য, সুবিধা ও অসুবিধা',70,0) on conflict (id) do nothing;
insert into chapters (id,section_id,title,est_mcq,est_sq,sort_order) values ('bom-s1-c4','bom-s1','৪র্থ অধ্যায়: অংশীদারি ব্যবসায়',4,0,3) on conflict (id) do nothing;
insert into topics (id,chapter_id,title,weight,sort_order) values ('bom-s1-c4-t1','bom-s1-c4','অংশীদারি চুক্তি ও প্রকারভেদ',85,0) on conflict (id) do nothing;
insert into chapters (id,section_id,title,est_mcq,est_sq,sort_order) values ('bom-s1-c5','bom-s1','৫ম অধ্যায়: যৌথমূলধনী ব্যবসায় (কোম্পানি)',5,0,4) on conflict (id) do nothing;
insert into topics (id,chapter_id,title,weight,sort_order) values ('bom-s1-c5-t1','bom-s1-c5','কোম্পানি গঠন ও দলিল',90,0) on conflict (id) do nothing;
insert into topics (id,chapter_id,title,weight,sort_order) values ('bom-s1-c5-t2','bom-s1-c5','শেয়ার, ঋণপত্র ও সভা',70,1) on conflict (id) do nothing;
insert into chapters (id,section_id,title,est_mcq,est_sq,sort_order) values ('bom-s1-c6','bom-s1','৬ষ্ঠ অধ্যায়: সমবায় ও রাষ্ট্রীয় ব্যবসায়',3,0,5) on conflict (id) do nothing;
insert into topics (id,chapter_id,title,weight,sort_order) values ('bom-s1-c6-t1','bom-s1-c6','সমবায় সমিতির নীতি',65,0) on conflict (id) do nothing;
insert into chapters (id,section_id,title,est_mcq,est_sq,sort_order) values ('bom-s1-c7','bom-s1','৭ম অধ্যায়: ব্যবস্থাপনার ধারণা ও নীতি',4,0,6) on conflict (id) do nothing;
insert into topics (id,chapter_id,title,weight,sort_order) values ('bom-s1-c7-t1','bom-s1-c7','ফেয়লের নীতি ও টেইলরের মতবাদ',85,0) on conflict (id) do nothing;
insert into chapters (id,section_id,title,est_mcq,est_sq,sort_order) values ('bom-s1-c8','bom-s1','৮ম অধ্যায়: পরিকল্পনা, সংগঠিতকরণ ও নেতৃত্ব',5,0,7) on conflict (id) do nothing;
insert into topics (id,chapter_id,title,weight,sort_order) values ('bom-s1-c8-t1','bom-s1-c8','সংগঠন কাঠামো ও কর্তৃত্ব অর্পণ',80,0) on conflict (id) do nothing;
insert into topics (id,chapter_id,title,weight,sort_order) values ('bom-s1-c8-t2','bom-s1-c8','নেতৃত্ব ও প্রেষণা তত্ত্ব (Maslow)',85,1) on conflict (id) do nothing;

insert into subjects (id,title,short_code,icon_emoji,is_active,rank_science,rank_business,rank_humanities,max_cq,max_mcq,max_sq,cq_value_per_q,sq_value_per_q,alt_marks_scheme,cq_label) values ('econ','অর্থনীতি','Economics','📈',true,null,5,5,70,30,0,10,2,false,null) on conflict (id) do nothing;
insert into sections (id,subject_id,title,min_cq_required,total_cq_available,cq_value_per_q,sort_order) values ('econ-s1','econ','পূর্ণাঙ্গ সিলেবাস',7,11,0,0) on conflict (id) do nothing;
insert into chapters (id,section_id,title,est_mcq,est_sq,sort_order) values ('econ-s1-c1','econ-s1','১ম অধ্যায়: অর্থনীতির মৌলিক ধারণা',3,0,0) on conflict (id) do nothing;
insert into topics (id,chapter_id,title,weight,sort_order) values ('econ-s1-c1-t1','econ-s1-c1','মৌলিক সমস্যা ও উৎপাদন সম্ভাবনা রেখা',75,0) on conflict (id) do nothing;
insert into chapters (id,section_id,title,est_mcq,est_sq,sort_order) values ('econ-s1-c2','econ-s1','২য় অধ্যায়: চাহিদা, যোগান ও ভারসাম্য',5,0,1) on conflict (id) do nothing;
insert into topics (id,chapter_id,title,weight,sort_order) values ('econ-s1-c2-t1','econ-s1-c2','চাহিদা বিধি ও স্থিতিস্থাপকতা',95,0) on conflict (id) do nothing;
insert into topics (id,chapter_id,title,weight,sort_order) values ('econ-s1-c2-t2','econ-s1-c2','ভারসাম্য দাম নির্ধারণ',80,1) on conflict (id) do nothing;
insert into chapters (id,section_id,title,est_mcq,est_sq,sort_order) values ('econ-s1-c3','econ-s1','৩য় অধ্যায়: উৎপাদন ও উৎপাদন ব্যয়',4,0,2) on conflict (id) do nothing;
insert into topics (id,chapter_id,title,weight,sort_order) values ('econ-s1-c3-t1','econ-s1-c3','উৎপাদন অপেক্ষক ও ক্রমহ্রাসমান প্রান্তিক বিধি',85,0) on conflict (id) do nothing;
insert into chapters (id,section_id,title,est_mcq,est_sq,sort_order) values ('econ-s1-c4','econ-s1','৪র্থ অধ্যায়: বাজার ও দাম নির্ধারণ',4,0,3) on conflict (id) do nothing;
insert into topics (id,chapter_id,title,weight,sort_order) values ('econ-s1-c4-t1','econ-s1-c4','পূর্ণ প্রতিযোগিতা ও একচেটিয়া বাজার',80,0) on conflict (id) do nothing;
insert into chapters (id,section_id,title,est_mcq,est_sq,sort_order) values ('econ-s1-c5','econ-s1','৫ম অধ্যায়: উৎপাদনের উপাদান ও বণ্টন',3,0,4) on conflict (id) do nothing;
insert into topics (id,chapter_id,title,weight,sort_order) values ('econ-s1-c5-t1','econ-s1-c5','খাজনা, মজুরি, সুদ ও মুনাফা',70,0) on conflict (id) do nothing;
insert into chapters (id,section_id,title,est_mcq,est_sq,sort_order) values ('econ-s1-c6','econ-s1','৬ষ্ঠ অধ্যায়: জাতীয় আয় ও এর পরিমাপ',4,0,5) on conflict (id) do nothing;
insert into topics (id,chapter_id,title,weight,sort_order) values ('econ-s1-c6-t1','econ-s1-c6','GDP ও GNP গণনা',85,0) on conflict (id) do nothing;
insert into chapters (id,section_id,title,est_mcq,est_sq,sort_order) values ('econ-s1-c7','econ-s1','৭ম অধ্যায়: মুদ্রা, ব্যাংক ও মুদ্রাস্ফীতি',4,0,6) on conflict (id) do nothing;
insert into topics (id,chapter_id,title,weight,sort_order) values ('econ-s1-c7-t1','econ-s1-c7','ব্যাংকের কার্যাবলি ও মুদ্রাস্ফীতি',75,0) on conflict (id) do nothing;
insert into chapters (id,section_id,title,est_mcq,est_sq,sort_order) values ('econ-s1-c8','econ-s1','৮ম অধ্যায়: বাংলাদেশের অর্থনীতি',3,0,7) on conflict (id) do nothing;
insert into topics (id,chapter_id,title,weight,sort_order) values ('econ-s1-c8-t1','econ-s1-c8','কৃষি, শিল্প ও খাত বিশ্লেষণ',60,0) on conflict (id) do nothing;

insert into subjects (id,title,short_code,icon_emoji,is_active,rank_science,rank_business,rank_humanities,max_cq,max_mcq,max_sq,cq_value_per_q,sq_value_per_q,alt_marks_scheme,cq_label) values ('civics','পৌরনীতি ও সুশাসন','Civics & Good Governance','⚖️',true,null,null,6,70,30,0,10,2,false,null) on conflict (id) do nothing;
insert into sections (id,subject_id,title,min_cq_required,total_cq_available,cq_value_per_q,sort_order) values ('civics-s1','civics','পূর্ণাঙ্গ সিলেবাস',7,11,0,0) on conflict (id) do nothing;
insert into chapters (id,section_id,title,est_mcq,est_sq,sort_order) values ('civics-s1-c1','civics-s1','১ম অধ্যায়: পৌরনীতি ও সুশাসন পরিচিতি',4,0,0) on conflict (id) do nothing;
insert into topics (id,chapter_id,title,weight,sort_order) values ('civics-s1-c1-t1','civics-s1-c1','সুশাসনের উপাদান ও গুরুত্ব',85,0) on conflict (id) do nothing;
insert into chapters (id,section_id,title,est_mcq,est_sq,sort_order) values ('civics-s1-c2','civics-s1','২য় অধ্যায়: নাগরিক ও নাগরিকতা',4,0,1) on conflict (id) do nothing;
insert into topics (id,chapter_id,title,weight,sort_order) values ('civics-s1-c2-t1','civics-s1-c2','নাগরিকের অধিকার ও কর্তব্য',80,0) on conflict (id) do nothing;
insert into chapters (id,section_id,title,est_mcq,est_sq,sort_order) values ('civics-s1-c3','civics-s1','৩য় অধ্যায়: রাষ্ট্র ও সরকার',5,0,2) on conflict (id) do nothing;
insert into topics (id,chapter_id,title,weight,sort_order) values ('civics-s1-c3-t1','civics-s1-c3','রাষ্ট্রের উপাদান ও সার্বভৌমত্ব',80,0) on conflict (id) do nothing;
insert into topics (id,chapter_id,title,weight,sort_order) values ('civics-s1-c3-t2','civics-s1-c3','গণতন্ত্র ও স্বৈরতন্ত্র',70,1) on conflict (id) do nothing;
insert into chapters (id,section_id,title,est_mcq,est_sq,sort_order) values ('civics-s1-c4','civics-s1','৪র্থ অধ্যায়: সরকারের অঙ্গ ও বিভাগ',4,0,3) on conflict (id) do nothing;
insert into topics (id,chapter_id,title,weight,sort_order) values ('civics-s1-c4-t1','civics-s1-c4','আইন, শাসন ও বিচার বিভাগ',80,0) on conflict (id) do nothing;
insert into chapters (id,section_id,title,est_mcq,est_sq,sort_order) values ('civics-s1-c5','civics-s1','৫ম অধ্যায়: আইন, স্বাধীনতা ও সাম্য',4,0,4) on conflict (id) do nothing;
insert into topics (id,chapter_id,title,weight,sort_order) values ('civics-s1-c5-t1','civics-s1-c5','আইনের উৎস ও শ্রেণিবিভাগ',75,0) on conflict (id) do nothing;
insert into chapters (id,section_id,title,est_mcq,est_sq,sort_order) values ('civics-s1-c6','civics-s1','৬ষ্ঠ অধ্যায়: নির্বাচন, জনমত ও রাজনৈতিক দল',4,0,5) on conflict (id) do nothing;
insert into topics (id,chapter_id,title,weight,sort_order) values ('civics-s1-c6-t1','civics-s1-c6','নির্বাচন কমিশন ও ভোটাধিকার',75,0) on conflict (id) do nothing;
insert into chapters (id,section_id,title,est_mcq,est_sq,sort_order) values ('civics-s1-c7','civics-s1','৭ম অধ্যায়: সংবিধান ও সাংবিধানিক প্রতিষ্ঠান',3,0,6) on conflict (id) do nothing;
insert into topics (id,chapter_id,title,weight,sort_order) values ('civics-s1-c7-t1','civics-s1-c7','বাংলাদেশের সংবিধানের বৈশিষ্ট্য',85,0) on conflict (id) do nothing;
insert into chapters (id,section_id,title,est_mcq,est_sq,sort_order) values ('civics-s1-c8','civics-s1','৮ম অধ্যায়: সুশাসন ও ই-গভর্ন্যান্স',2,0,7) on conflict (id) do nothing;
insert into topics (id,chapter_id,title,weight,sort_order) values ('civics-s1-c8-t1','civics-s1-c8','ই-গভর্ন্যান্স ও জবাবদিহিতা',65,0) on conflict (id) do nothing;

insert into subjects (id,title,short_code,icon_emoji,is_active,rank_science,rank_business,rank_humanities,max_cq,max_mcq,max_sq,cq_value_per_q,sq_value_per_q,alt_marks_scheme,cq_label) values ('logic','যুক্তিবিদ্যা','Logic','🧠',true,null,null,7,70,30,0,10,2,false,null) on conflict (id) do nothing;
insert into sections (id,subject_id,title,min_cq_required,total_cq_available,cq_value_per_q,sort_order) values ('logic-s1','logic','পূর্ণাঙ্গ সিলেবাস',7,11,0,0) on conflict (id) do nothing;
insert into chapters (id,section_id,title,est_mcq,est_sq,sort_order) values ('logic-s1-c1','logic-s1','১ম অধ্যায়: যুক্তিবিদ্যার স্বরূপ',3,0,0) on conflict (id) do nothing;
insert into topics (id,chapter_id,title,weight,sort_order) values ('logic-s1-c1-t1','logic-s1-c1','যুক্তিবিদ্যার সংজ্ঞা, পরিধি ও প্রকৃতি',70,0) on conflict (id) do nothing;
insert into chapters (id,section_id,title,est_mcq,est_sq,sort_order) values ('logic-s1-c2','logic-s1','২য় অধ্যায়: যুক্তিবিদ্যা ও অন্যান্য বিষয়',2,0,1) on conflict (id) do nothing;
insert into topics (id,chapter_id,title,weight,sort_order) values ('logic-s1-c2-t1','logic-s1-c2','যুক্তিবিদ্যা ও দর্শন/বিজ্ঞানের সম্পর্ক',55,0) on conflict (id) do nothing;
insert into chapters (id,section_id,title,est_mcq,est_sq,sort_order) values ('logic-s1-c3','logic-s1','৩য় অধ্যায়: পদ',4,0,2) on conflict (id) do nothing;
insert into topics (id,chapter_id,title,weight,sort_order) values ('logic-s1-c3-t1','logic-s1-c3','পদের ব্যক্ত্যর্থ ও জাত্যর্থ',80,0) on conflict (id) do nothing;
insert into topics (id,chapter_id,title,weight,sort_order) values ('logic-s1-c3-t2','logic-s1-c3','পদের শ্রেণিবিভাগ',65,1) on conflict (id) do nothing;
insert into chapters (id,section_id,title,est_mcq,est_sq,sort_order) values ('logic-s1-c4','logic-s1','৪র্থ অধ্যায়: যুক্তিবাক্য',4,0,3) on conflict (id) do nothing;
insert into topics (id,chapter_id,title,weight,sort_order) values ('logic-s1-c4-t1','logic-s1-c4','যুক্তিবাক্যের শ্রেণিবিভাগ ও বিন্যাস',85,0) on conflict (id) do nothing;
insert into chapters (id,section_id,title,est_mcq,est_sq,sort_order) values ('logic-s1-c5','logic-s1','৫ম অধ্যায়: অমাধ্যম অনুমান',5,0,4) on conflict (id) do nothing;
insert into topics (id,chapter_id,title,weight,sort_order) values ('logic-s1-c5-t1','logic-s1-c5','আবর্তন ও প্রতিবর্তন',90,0) on conflict (id) do nothing;
insert into topics (id,chapter_id,title,weight,sort_order) values ('logic-s1-c5-t2','logic-s1-c5','বিরোধানুমান',70,1) on conflict (id) do nothing;
insert into chapters (id,section_id,title,est_mcq,est_sq,sort_order) values ('logic-s1-c6','logic-s1','৬ষ্ঠ অধ্যায়: মাধ্যম অনুমান (ন্যায়)',5,0,5) on conflict (id) do nothing;
insert into topics (id,chapter_id,title,weight,sort_order) values ('logic-s1-c6-t1','logic-s1-c6','ন্যায়ের আকার ও বিধি',90,0) on conflict (id) do nothing;
insert into topics (id,chapter_id,title,weight,sort_order) values ('logic-s1-c6-t2','logic-s1-c6','বৈধতা যাচাই',75,1) on conflict (id) do nothing;
insert into chapters (id,section_id,title,est_mcq,est_sq,sort_order) values ('logic-s1-c7','logic-s1','৭ম অধ্যায়: আরোহ অনুমান ও কারণ',4,0,6) on conflict (id) do nothing;
insert into topics (id,chapter_id,title,weight,sort_order) values ('logic-s1-c7-t1','logic-s1-c7','কারণ ও মিলের পদ্ধতি',80,0) on conflict (id) do nothing;
insert into chapters (id,section_id,title,est_mcq,est_sq,sort_order) values ('logic-s1-c8','logic-s1','৮ম অধ্যায়: অনুপপত্তি',3,0,7) on conflict (id) do nothing;
insert into topics (id,chapter_id,title,weight,sort_order) values ('logic-s1-c8-t1','logic-s1-c8','অবৈধ সামান্যীকরণ ও আকারগত অনুপপত্তি',65,0) on conflict (id) do nothing;

commit;