-- AUTO-GENERATED from src/lib/seedData.ts — do not edit by hand.
-- Run after schema.sql. Weights & mark distributions are PLACEHOLDERS; review them.
begin;

insert into subjects (id,title,short_code,icon_emoji,is_active,rank_science,rank_business,rank_humanities,max_cq,max_mcq,max_sq,cq_value_per_q,sq_value_per_q) values ('phy1','পদার্থবিজ্ঞান ১ম পত্র','Physics 1st','⚛️',true,1,null,null,50,25,0,10,2) on conflict (id) do nothing;
insert into sections (id,subject_id,title,min_cq_required,total_cq_available,sort_order) values ('phy1-s1','phy1','A বিভাগ — যান্ত্রিকবিদ্যা',3,5,0) on conflict (id) do nothing;
insert into chapters (id,section_id,title,est_mcq,est_sq,sort_order) values ('phy1-s1-c1','phy1-s1','ভৌত জগৎ ও পরিমাপ',2,0,0) on conflict (id) do nothing;
insert into topics (id,chapter_id,title,weight,sort_order) values ('phy1-s1-c1-t1','phy1-s1-c1','মাত্রা ও একক',75,0) on conflict (id) do nothing;
insert into topics (id,chapter_id,title,weight,sort_order) values ('phy1-s1-c1-t2','phy1-s1-c1','পরিমাপের ত্রুটি ও স্লাইড ক্যালিপার্স',55,1) on conflict (id) do nothing;
insert into topics (id,chapter_id,title,weight,sort_order) values ('phy1-s1-c1-t3','phy1-s1-c1','মাত্রিক সমীকরণ',60,2) on conflict (id) do nothing;
insert into chapters (id,section_id,title,est_mcq,est_sq,sort_order) values ('phy1-s1-c2','phy1-s1','ভেক্টর',3,1,1) on conflict (id) do nothing;
insert into topics (id,chapter_id,title,weight,sort_order) values ('phy1-s1-c2-t1','phy1-s1-c2','ভেক্টরের যোগ ও বিয়োজন',80,0) on conflict (id) do nothing;
insert into topics (id,chapter_id,title,weight,sort_order) values ('phy1-s1-c2-t2','phy1-s1-c2','স্কেলার ও ভেক্টর গুণন',85,1) on conflict (id) do nothing;
insert into topics (id,chapter_id,title,weight,sort_order) values ('phy1-s1-c2-t3','phy1-s1-c2','লব্ধি ও উপাংশ',70,2) on conflict (id) do nothing;
insert into chapters (id,section_id,title,est_mcq,est_sq,sort_order) values ('phy1-s1-c3','phy1-s1','গতিবিদ্যা',3,1,2) on conflict (id) do nothing;
insert into topics (id,chapter_id,title,weight,sort_order) values ('phy1-s1-c3-t1','phy1-s1-c3','প্রাসের গতি (Projectile)',90,0) on conflict (id) do nothing;
insert into topics (id,chapter_id,title,weight,sort_order) values ('phy1-s1-c3-t2','phy1-s1-c3','গতির সমীকরণ',70,1) on conflict (id) do nothing;
insert into topics (id,chapter_id,title,weight,sort_order) values ('phy1-s1-c3-t3','phy1-s1-c3','আপেক্ষিক বেগ',50,2) on conflict (id) do nothing;
insert into chapters (id,section_id,title,est_mcq,est_sq,sort_order) values ('phy1-s1-c4','phy1-s1','নিউটনিয়ান বলবিদ্যা',3,1,3) on conflict (id) do nothing;
insert into topics (id,chapter_id,title,weight,sort_order) values ('phy1-s1-c4-t1','phy1-s1-c4','নিউটনের সূত্র ও ভরবেগ',85,0) on conflict (id) do nothing;
insert into topics (id,chapter_id,title,weight,sort_order) values ('phy1-s1-c4-t2','phy1-s1-c4','ঘর্ষণ',60,1) on conflict (id) do nothing;
insert into topics (id,chapter_id,title,weight,sort_order) values ('phy1-s1-c4-t3','phy1-s1-c4','কেন্দ্রমুখী বল',65,2) on conflict (id) do nothing;
insert into chapters (id,section_id,title,est_mcq,est_sq,sort_order) values ('phy1-s1-c5','phy1-s1','কাজ, শক্তি ও ক্ষমতা',2,1,4) on conflict (id) do nothing;
insert into topics (id,chapter_id,title,weight,sort_order) values ('phy1-s1-c5-t1','phy1-s1-c5','কাজ-শক্তি উপপাদ্য',80,0) on conflict (id) do nothing;
insert into topics (id,chapter_id,title,weight,sort_order) values ('phy1-s1-c5-t2','phy1-s1-c5','সংরক্ষণশীল বল ও বিভব শক্তি',65,1) on conflict (id) do nothing;
insert into topics (id,chapter_id,title,weight,sort_order) values ('phy1-s1-c5-t3','phy1-s1-c5','ক্ষমতা ও দক্ষতা',55,2) on conflict (id) do nothing;
insert into sections (id,subject_id,title,min_cq_required,total_cq_available,sort_order) values ('phy1-s2','phy1','B বিভাগ — পদার্থের ধর্ম ও পর্যাবৃত্ত গতি',2,5,1) on conflict (id) do nothing;
insert into chapters (id,section_id,title,est_mcq,est_sq,sort_order) values ('phy1-s2-c1','phy1-s2','মহাকর্ষ ও অভিকর্ষ',2,1,0) on conflict (id) do nothing;
insert into topics (id,chapter_id,title,weight,sort_order) values ('phy1-s2-c1-t1','phy1-s2-c1','কেপলারের সূত্র',70,0) on conflict (id) do nothing;
insert into topics (id,chapter_id,title,weight,sort_order) values ('phy1-s2-c1-t2','phy1-s2-c1','মহাকর্ষীয় বিভব ও মুক্তি বেগ',80,1) on conflict (id) do nothing;
insert into topics (id,chapter_id,title,weight,sort_order) values ('phy1-s2-c1-t3','phy1-s2-c1','g এর তারতম্য',60,2) on conflict (id) do nothing;
insert into chapters (id,section_id,title,est_mcq,est_sq,sort_order) values ('phy1-s2-c2','phy1-s2','পদার্থের গাঠনিক ধর্ম',3,1,1) on conflict (id) do nothing;
insert into topics (id,chapter_id,title,weight,sort_order) values ('phy1-s2-c2-t1','phy1-s2-c2','পীড়ন, বিকৃতি ও ইয়ং গুণাঙ্ক',85,0) on conflict (id) do nothing;
insert into topics (id,chapter_id,title,weight,sort_order) values ('phy1-s2-c2-t2','phy1-s2-c2','পৃষ্ঠটান ও সান্দ্রতা',65,1) on conflict (id) do nothing;
insert into topics (id,chapter_id,title,weight,sort_order) values ('phy1-s2-c2-t3','phy1-s2-c2','স্থিতিস্থাপকতা',55,2) on conflict (id) do nothing;
insert into chapters (id,section_id,title,est_mcq,est_sq,sort_order) values ('phy1-s2-c3','phy1-s2','পর্যাবৃত্ত গতি',3,1,2) on conflict (id) do nothing;
insert into topics (id,chapter_id,title,weight,sort_order) values ('phy1-s2-c3-t1','phy1-s2-c3','সরল ছন্দিত স্পন্দন (SHM)',90,0) on conflict (id) do nothing;
insert into topics (id,chapter_id,title,weight,sort_order) values ('phy1-s2-c3-t2','phy1-s2-c3','সরল দোলক',70,1) on conflict (id) do nothing;
insert into topics (id,chapter_id,title,weight,sort_order) values ('phy1-s2-c3-t3','phy1-s2-c3','শক্তির রূপান্তর',50,2) on conflict (id) do nothing;
insert into chapters (id,section_id,title,est_mcq,est_sq,sort_order) values ('phy1-s2-c4','phy1-s2','আদর্শ গ্যাস ও গ্যাসের গতিতত্ত্ব',2,0,3) on conflict (id) do nothing;
insert into topics (id,chapter_id,title,weight,sort_order) values ('phy1-s2-c4-t1','phy1-s2-c4','গ্যাসের সূত্রাবলি',70,0) on conflict (id) do nothing;
insert into topics (id,chapter_id,title,weight,sort_order) values ('phy1-s2-c4-t2','phy1-s2-c4','গতিতত্ত্ব ও মূল গড় বর্গবেগ',65,1) on conflict (id) do nothing;
insert into topics (id,chapter_id,title,weight,sort_order) values ('phy1-s2-c4-t3','phy1-s2-c4','গড় গতিশক্তি',45,2) on conflict (id) do nothing;

insert into subjects (id,title,short_code,icon_emoji,is_active,rank_science,rank_business,rank_humanities,max_cq,max_mcq,max_sq,cq_value_per_q,sq_value_per_q) values ('phy2','পদার্থবিজ্ঞান ২য় পত্র','Physics 2nd','🧲',true,2,null,null,50,25,0,10,2) on conflict (id) do nothing;
insert into sections (id,subject_id,title,min_cq_required,total_cq_available,sort_order) values ('phy2-s1','phy2','A বিভাগ — তাপ ও তড়িৎ',3,5,0) on conflict (id) do nothing;
insert into chapters (id,section_id,title,est_mcq,est_sq,sort_order) values ('phy2-s1-c1','phy2-s1','তাপগতিবিদ্যা',3,1,0) on conflict (id) do nothing;
insert into topics (id,chapter_id,title,weight,sort_order) values ('phy2-s1-c1-t1','phy2-s1-c1','তাপগতিবিদ্যার সূত্র',85,0) on conflict (id) do nothing;
insert into topics (id,chapter_id,title,weight,sort_order) values ('phy2-s1-c1-t2','phy2-s1-c1','কার্নো চক্র ও এনট্রপি',70,1) on conflict (id) do nothing;
insert into chapters (id,section_id,title,est_mcq,est_sq,sort_order) values ('phy2-s1-c2','phy2-s1','স্থির তড়িৎ',3,1,1) on conflict (id) do nothing;
insert into topics (id,chapter_id,title,weight,sort_order) values ('phy2-s1-c2-t1','phy2-s1-c2','কুলম্বের সূত্র ও তড়িৎ ক্ষেত্র',80,0) on conflict (id) do nothing;
insert into topics (id,chapter_id,title,weight,sort_order) values ('phy2-s1-c2-t2','phy2-s1-c2','ধারক ও ধারকত্ব',75,1) on conflict (id) do nothing;
insert into chapters (id,section_id,title,est_mcq,est_sq,sort_order) values ('phy2-s1-c3','phy2-s1','চল তড়িৎ',3,1,2) on conflict (id) do nothing;
insert into topics (id,chapter_id,title,weight,sort_order) values ('phy2-s1-c3-t1','phy2-s1-c3','ওহমের সূত্র ও রোধের সমন্বয়',80,0) on conflict (id) do nothing;
insert into topics (id,chapter_id,title,weight,sort_order) values ('phy2-s1-c3-t2','phy2-s1-c3','কির্শফের সূত্র ও হুইটস্টোন ব্রিজ',85,1) on conflict (id) do nothing;
insert into chapters (id,section_id,title,est_mcq,est_sq,sort_order) values ('phy2-s1-c4','phy2-s1','তড়িৎ প্রবাহের চৌম্বক ক্রিয়া ও চুম্বকত্ব',3,1,3) on conflict (id) do nothing;
insert into topics (id,chapter_id,title,weight,sort_order) values ('phy2-s1-c4-t1','phy2-s1-c4','বায়োট-স্যাভার্ট ও অ্যাম্পিয়ারের সূত্র',75,0) on conflict (id) do nothing;
insert into topics (id,chapter_id,title,weight,sort_order) values ('phy2-s1-c4-t2','phy2-s1-c4','চৌম্বক ক্ষেত্রে গতিশীল আধান',65,1) on conflict (id) do nothing;
insert into sections (id,subject_id,title,min_cq_required,total_cq_available,sort_order) values ('phy2-s2','phy2','B বিভাগ — আলো ও আধুনিক পদার্থবিজ্ঞান',2,5,1) on conflict (id) do nothing;
insert into chapters (id,section_id,title,est_mcq,est_sq,sort_order) values ('phy2-s2-c1','phy2-s2','তাড়িতচৌম্বকীয় আবেশ ও পরিবর্তী প্রবাহ',2,1,0) on conflict (id) do nothing;
insert into topics (id,chapter_id,title,weight,sort_order) values ('phy2-s2-c1-t1','phy2-s2-c1','ফ্যারাডে ও লেঞ্জের সূত্র',80,0) on conflict (id) do nothing;
insert into topics (id,chapter_id,title,weight,sort_order) values ('phy2-s2-c1-t2','phy2-s2-c1','AC ও RMS মান',60,1) on conflict (id) do nothing;
insert into chapters (id,section_id,title,est_mcq,est_sq,sort_order) values ('phy2-s2-c2','phy2-s2','জ্যামিতিক আলোকবিজ্ঞান',2,1,1) on conflict (id) do nothing;
insert into topics (id,chapter_id,title,weight,sort_order) values ('phy2-s2-c2-t1','phy2-s2-c2','লেন্স ও দর্পণ সমীকরণ',75,0) on conflict (id) do nothing;
insert into topics (id,chapter_id,title,weight,sort_order) values ('phy2-s2-c2-t2','phy2-s2-c2','প্রতিসরণ ও মোট অভ্যন্তরীণ প্রতিফলন',70,1) on conflict (id) do nothing;
insert into chapters (id,section_id,title,est_mcq,est_sq,sort_order) values ('phy2-s2-c3','phy2-s2','ভৌত আলোকবিজ্ঞান',2,0,2) on conflict (id) do nothing;
insert into topics (id,chapter_id,title,weight,sort_order) values ('phy2-s2-c3-t1','phy2-s2-c3','ব্যতিচার ও অপবর্তন',70,0) on conflict (id) do nothing;
insert into topics (id,chapter_id,title,weight,sort_order) values ('phy2-s2-c3-t2','phy2-s2-c3','সমবর্তন',50,1) on conflict (id) do nothing;
insert into chapters (id,section_id,title,est_mcq,est_sq,sort_order) values ('phy2-s2-c4','phy2-s2','আধুনিক পদার্থবিজ্ঞান',3,1,3) on conflict (id) do nothing;
insert into topics (id,chapter_id,title,weight,sort_order) values ('phy2-s2-c4-t1','phy2-s2-c4','আপেক্ষিকতা',65,0) on conflict (id) do nothing;
insert into topics (id,chapter_id,title,weight,sort_order) values ('phy2-s2-c4-t2','phy2-s2-c4','ফটোতড়িৎ ক্রিয়া',85,1) on conflict (id) do nothing;
insert into chapters (id,section_id,title,est_mcq,est_sq,sort_order) values ('phy2-s2-c5','phy2-s2','সেমিকন্ডাক্টর ও ইলেকট্রনিক্স',3,1,4) on conflict (id) do nothing;
insert into topics (id,chapter_id,title,weight,sort_order) values ('phy2-s2-c5-t1','phy2-s2-c5','p-n জাংশন ও ডায়োড',75,0) on conflict (id) do nothing;
insert into topics (id,chapter_id,title,weight,sort_order) values ('phy2-s2-c5-t2','phy2-s2-c5','ট্রানজিস্টর ও লজিক গেইট',70,1) on conflict (id) do nothing;

insert into subjects (id,title,short_code,icon_emoji,is_active,rank_science,rank_business,rank_humanities,max_cq,max_mcq,max_sq,cq_value_per_q,sq_value_per_q) values ('chem1','রসায়ন ১ম পত্র','Chemistry 1st','⚗️',true,3,null,null,50,25,0,10,2) on conflict (id) do nothing;
insert into sections (id,subject_id,title,min_cq_required,total_cq_available,sort_order) values ('chem1-s1','chem1','পূর্ণাঙ্গ সিলেবাস',5,5,0) on conflict (id) do nothing;
insert into chapters (id,section_id,title,est_mcq,est_sq,sort_order) values ('chem1-s1-c1','chem1-s1','ল্যাবরেটরির নিরাপদ ব্যবহার',2,0,0) on conflict (id) do nothing;
insert into topics (id,chapter_id,title,weight,sort_order) values ('chem1-s1-c1-t1','chem1-s1-c1','রাসায়নিক দ্রব্যের সংরক্ষণ',55,0) on conflict (id) do nothing;
insert into topics (id,chapter_id,title,weight,sort_order) values ('chem1-s1-c1-t2','chem1-s1-c1','দুর্ঘটনা ও প্রাথমিক চিকিৎসা',45,1) on conflict (id) do nothing;
insert into chapters (id,section_id,title,est_mcq,est_sq,sort_order) values ('chem1-s1-c2','chem1-s1','গুণগত রসায়ন',5,2,1) on conflict (id) do nothing;
insert into topics (id,chapter_id,title,weight,sort_order) values ('chem1-s1-c2-t1','chem1-s1-c2','বোর মডেল ও কোয়ান্টাম সংখ্যা',85,0) on conflict (id) do nothing;
insert into topics (id,chapter_id,title,weight,sort_order) values ('chem1-s1-c2-t2','chem1-s1-c2','ইলেকট্রন বিন্যাস',80,1) on conflict (id) do nothing;
insert into topics (id,chapter_id,title,weight,sort_order) values ('chem1-s1-c2-t3','chem1-s1-c2','শিখা পরীক্ষা ও সনাক্তকরণ',70,2) on conflict (id) do nothing;
insert into chapters (id,section_id,title,est_mcq,est_sq,sort_order) values ('chem1-s1-c3','chem1-s1','মৌলের পর্যায়বৃত্ত ধর্ম ও রাসায়নিক বন্ধন',5,2,2) on conflict (id) do nothing;
insert into topics (id,chapter_id,title,weight,sort_order) values ('chem1-s1-c3-t1','chem1-s1-c3','পর্যায়বৃত্ত ধর্ম',80,0) on conflict (id) do nothing;
insert into topics (id,chapter_id,title,weight,sort_order) values ('chem1-s1-c3-t2','chem1-s1-c3','সংকরায়ন ও আকৃতি',90,1) on conflict (id) do nothing;
insert into topics (id,chapter_id,title,weight,sort_order) values ('chem1-s1-c3-t3','chem1-s1-c3','বন্ধন ও পোলারিটি',70,2) on conflict (id) do nothing;
insert into chapters (id,section_id,title,est_mcq,est_sq,sort_order) values ('chem1-s1-c4','chem1-s1','রাসায়নিক পরিবর্তন',5,2,3) on conflict (id) do nothing;
insert into topics (id,chapter_id,title,weight,sort_order) values ('chem1-s1-c4-t1','chem1-s1-c4','রাসায়নিক সাম্যাবস্থা ও Kc/Kp',90,0) on conflict (id) do nothing;
insert into topics (id,chapter_id,title,weight,sort_order) values ('chem1-s1-c4-t2','chem1-s1-c4','সাম্যাবস্থায় লা-শাতেলিয়ার নীতি',80,1) on conflict (id) do nothing;
insert into topics (id,chapter_id,title,weight,sort_order) values ('chem1-s1-c4-t3','chem1-s1-c4','বিক্রিয়ার হার',65,2) on conflict (id) do nothing;
insert into chapters (id,section_id,title,est_mcq,est_sq,sort_order) values ('chem1-s1-c5','chem1-s1','কর্মমুখী রসায়ন',3,1,4) on conflict (id) do nothing;
insert into topics (id,chapter_id,title,weight,sort_order) values ('chem1-s1-c5-t1','chem1-s1-c5','খাদ্য সংরক্ষণ ও তেল-চর্বি',60,0) on conflict (id) do nothing;
insert into topics (id,chapter_id,title,weight,sort_order) values ('chem1-s1-c5-t2','chem1-s1-c5','ধাতু নিষ্কাশন',55,1) on conflict (id) do nothing;

insert into subjects (id,title,short_code,icon_emoji,is_active,rank_science,rank_business,rank_humanities,max_cq,max_mcq,max_sq,cq_value_per_q,sq_value_per_q) values ('chem2','রসায়ন ২য় পত্র','Chemistry 2nd','🧪',true,4,null,null,50,25,0,10,2) on conflict (id) do nothing;
insert into sections (id,subject_id,title,min_cq_required,total_cq_available,sort_order) values ('chem2-s1','chem2','পূর্ণাঙ্গ সিলেবাস',5,5,0) on conflict (id) do nothing;
insert into chapters (id,section_id,title,est_mcq,est_sq,sort_order) values ('chem2-s1-c1','chem2-s1','পরিবেশ রসায়ন',3,1,0) on conflict (id) do nothing;
insert into topics (id,chapter_id,title,weight,sort_order) values ('chem2-s1-c1-t1','chem2-s1-c1','বায়ুমণ্ডল ও দূষণ',60,0) on conflict (id) do nothing;
insert into topics (id,chapter_id,title,weight,sort_order) values ('chem2-s1-c1-t2','chem2-s1-c1','গ্যাসীয় অবস্থা ও সূত্র',75,1) on conflict (id) do nothing;
insert into chapters (id,section_id,title,est_mcq,est_sq,sort_order) values ('chem2-s1-c2','chem2-s1','জৈব রসায়ন',6,2,1) on conflict (id) do nothing;
insert into topics (id,chapter_id,title,weight,sort_order) values ('chem2-s1-c2-t1','chem2-s1-c2','হাইড্রোকার্বন ও কার্যকরী মূলক',90,0) on conflict (id) do nothing;
insert into topics (id,chapter_id,title,weight,sort_order) values ('chem2-s1-c2-t2','chem2-s1-c2','বিক্রিয়া কৌশল ও সমাণুতা',85,1) on conflict (id) do nothing;
insert into topics (id,chapter_id,title,weight,sort_order) values ('chem2-s1-c2-t3','chem2-s1-c2','অ্যালকোহল-অ্যালডিহাইড-অ্যাসিড',80,2) on conflict (id) do nothing;
insert into chapters (id,section_id,title,est_mcq,est_sq,sort_order) values ('chem2-s1-c3','chem2-s1','পরিমাণগত রসায়ন',5,2,2) on conflict (id) do nothing;
insert into topics (id,chapter_id,title,weight,sort_order) values ('chem2-s1-c3-t1','chem2-s1-c3','মোলারিটি ও টাইট্রেশন',90,0) on conflict (id) do nothing;
insert into topics (id,chapter_id,title,weight,sort_order) values ('chem2-s1-c3-t2','chem2-s1-c3','গ্যাসীয় আয়তন গণনা',70,1) on conflict (id) do nothing;
insert into chapters (id,section_id,title,est_mcq,est_sq,sort_order) values ('chem2-s1-c4','chem2-s1','তড়িৎ রসায়ন',4,1,3) on conflict (id) do nothing;
insert into topics (id,chapter_id,title,weight,sort_order) values ('chem2-s1-c4-t1','chem2-s1-c4','গ্যালভানিক কোষ ও তড়িৎদ্বার বিভব',80,0) on conflict (id) do nothing;
insert into topics (id,chapter_id,title,weight,sort_order) values ('chem2-s1-c4-t2','chem2-s1-c4','তড়িৎ বিশ্লেষণ ও ফ্যারাডের সূত্র',75,1) on conflict (id) do nothing;
insert into chapters (id,section_id,title,est_mcq,est_sq,sort_order) values ('chem2-s1-c5','chem2-s1','অর্থনৈতিক রসায়ন',2,0,4) on conflict (id) do nothing;
insert into topics (id,chapter_id,title,weight,sort_order) values ('chem2-s1-c5-t1','chem2-s1-c5','শিল্পে উৎপাদন (অ্যামোনিয়া, সালফিউরিক এসিড)',55,0) on conflict (id) do nothing;

insert into subjects (id,title,short_code,icon_emoji,is_active,rank_science,rank_business,rank_humanities,max_cq,max_mcq,max_sq,cq_value_per_q,sq_value_per_q) values ('hmath1','উচ্চতর গণিত ১ম পত্র','Higher Math 1st','📐',true,5,null,null,50,25,0,10,2) on conflict (id) do nothing;
insert into sections (id,subject_id,title,min_cq_required,total_cq_available,sort_order) values ('hmath1-s1','hmath1','বীজগণিত ও জ্যামিতি',3,5,0) on conflict (id) do nothing;
insert into chapters (id,section_id,title,est_mcq,est_sq,sort_order) values ('hmath1-s1-c1','hmath1-s1','ম্যাট্রিক্স ও নির্ণায়ক',3,1,0) on conflict (id) do nothing;
insert into topics (id,chapter_id,title,weight,sort_order) values ('hmath1-s1-c1-t1','hmath1-s1-c1','নির্ণায়কের ধর্ম',80,0) on conflict (id) do nothing;
insert into topics (id,chapter_id,title,weight,sort_order) values ('hmath1-s1-c1-t2','hmath1-s1-c1','বিপরীত ম্যাট্রিক্স ও সমীকরণ সমাধান',85,1) on conflict (id) do nothing;
insert into chapters (id,section_id,title,est_mcq,est_sq,sort_order) values ('hmath1-s1-c2','hmath1-s1','ভেক্টর',2,1,1) on conflict (id) do nothing;
insert into topics (id,chapter_id,title,weight,sort_order) values ('hmath1-s1-c2-t1','hmath1-s1-c2','স্কেলার ও ভেক্টর গুণন',80,0) on conflict (id) do nothing;
insert into topics (id,chapter_id,title,weight,sort_order) values ('hmath1-s1-c2-t2','hmath1-s1-c2','ভেক্টরের প্রয়োগ',60,1) on conflict (id) do nothing;
insert into chapters (id,section_id,title,est_mcq,est_sq,sort_order) values ('hmath1-s1-c3','hmath1-s1','সরলরেখা',3,1,2) on conflict (id) do nothing;
insert into topics (id,chapter_id,title,weight,sort_order) values ('hmath1-s1-c3-t1','hmath1-s1-c3','রেখার সমীকরণ ও ঢাল',75,0) on conflict (id) do nothing;
insert into topics (id,chapter_id,title,weight,sort_order) values ('hmath1-s1-c3-t2','hmath1-s1-c3','দুই রেখার অন্তর্ভুক্ত কোণ',65,1) on conflict (id) do nothing;
insert into chapters (id,section_id,title,est_mcq,est_sq,sort_order) values ('hmath1-s1-c4','hmath1-s1','বৃত্ত',3,1,3) on conflict (id) do nothing;
insert into topics (id,chapter_id,title,weight,sort_order) values ('hmath1-s1-c4-t1','hmath1-s1-c4','বৃত্তের সাধারণ সমীকরণ',80,0) on conflict (id) do nothing;
insert into topics (id,chapter_id,title,weight,sort_order) values ('hmath1-s1-c4-t2','hmath1-s1-c4','স্পর্শক ও জ্যা',70,1) on conflict (id) do nothing;
insert into sections (id,subject_id,title,min_cq_required,total_cq_available,sort_order) values ('hmath1-s2','hmath1','ক্যালকুলাস ও ত্রিকোণমিতি',2,5,1) on conflict (id) do nothing;
insert into chapters (id,section_id,title,est_mcq,est_sq,sort_order) values ('hmath1-s2-c1','hmath1-s2','বিন্যাস ও সমাবেশ',3,1,0) on conflict (id) do nothing;
insert into topics (id,chapter_id,title,weight,sort_order) values ('hmath1-s2-c1-t1','hmath1-s2-c1','বিন্যাস (nPr)',70,0) on conflict (id) do nothing;
insert into topics (id,chapter_id,title,weight,sort_order) values ('hmath1-s2-c1-t2','hmath1-s2-c1','সমাবেশ (nCr)',75,1) on conflict (id) do nothing;
insert into chapters (id,section_id,title,est_mcq,est_sq,sort_order) values ('hmath1-s2-c2','hmath1-s2','ত্রিকোণমিতিক অনুপাত ও সংযুক্ত কোণ',3,1,1) on conflict (id) do nothing;
insert into topics (id,chapter_id,title,weight,sort_order) values ('hmath1-s2-c2-t1','hmath1-s2-c2','যোগ-বিয়োগ সূত্র',75,0) on conflict (id) do nothing;
insert into topics (id,chapter_id,title,weight,sort_order) values ('hmath1-s2-c2-t2','hmath1-s2-c2','একাধিক কোণের অনুপাত',70,1) on conflict (id) do nothing;
insert into chapters (id,section_id,title,est_mcq,est_sq,sort_order) values ('hmath1-s2-c3','hmath1-s2','অন্তরীকরণ',4,2,2) on conflict (id) do nothing;
insert into topics (id,chapter_id,title,weight,sort_order) values ('hmath1-s2-c3-t1','hmath1-s2-c3','অন্তরজের সূত্রাবলি',90,0) on conflict (id) do nothing;
insert into topics (id,chapter_id,title,weight,sort_order) values ('hmath1-s2-c3-t2','hmath1-s2-c3','সর্বোচ্চ-সর্বনিম্ন মান',85,1) on conflict (id) do nothing;
insert into topics (id,chapter_id,title,weight,sort_order) values ('hmath1-s2-c3-t3','hmath1-s2-c3','স্পর্শক ও অভিলম্ব',65,2) on conflict (id) do nothing;
insert into chapters (id,section_id,title,est_mcq,est_sq,sort_order) values ('hmath1-s2-c4','hmath1-s2','যোগজীকরণ',4,2,3) on conflict (id) do nothing;
insert into topics (id,chapter_id,title,weight,sort_order) values ('hmath1-s2-c4-t1','hmath1-s2-c4','মৌলিক যোগজ',85,0) on conflict (id) do nothing;
insert into topics (id,chapter_id,title,weight,sort_order) values ('hmath1-s2-c4-t2','hmath1-s2-c4','নির্দিষ্ট যোগজ ও ক্ষেত্রফল',80,1) on conflict (id) do nothing;

insert into subjects (id,title,short_code,icon_emoji,is_active,rank_science,rank_business,rank_humanities,max_cq,max_mcq,max_sq,cq_value_per_q,sq_value_per_q) values ('hmath2','উচ্চতর গণিত ২য় পত্র','Higher Math 2nd','➗',true,6,null,null,50,25,0,10,2) on conflict (id) do nothing;
insert into sections (id,subject_id,title,min_cq_required,total_cq_available,sort_order) values ('hmath2-s1','hmath2','পূর্ণাঙ্গ সিলেবাস',5,5,0) on conflict (id) do nothing;
insert into chapters (id,section_id,title,est_mcq,est_sq,sort_order) values ('hmath2-s1-c1','hmath2-s1','জটিল সংখ্যা',3,1,0) on conflict (id) do nothing;
insert into topics (id,chapter_id,title,weight,sort_order) values ('hmath2-s1-c1-t1','hmath2-s1-c1','মডুলাস ও আর্গুমেন্ট',75,0) on conflict (id) do nothing;
insert into topics (id,chapter_id,title,weight,sort_order) values ('hmath2-s1-c1-t2','hmath2-s1-c1','ঘনমূল ও De Moivre',70,1) on conflict (id) do nothing;
insert into chapters (id,section_id,title,est_mcq,est_sq,sort_order) values ('hmath2-s1-c2','hmath2-s1','বহুপদী ও বহুপদী সমীকরণ',3,1,1) on conflict (id) do nothing;
insert into topics (id,chapter_id,title,weight,sort_order) values ('hmath2-s1-c2-t1','hmath2-s1-c2','মূল ও সহগের সম্পর্ক',80,0) on conflict (id) do nothing;
insert into chapters (id,section_id,title,est_mcq,est_sq,sort_order) values ('hmath2-s1-c3','hmath2-s1','দ্বিপদী বিস্তৃতি',3,1,2) on conflict (id) do nothing;
insert into topics (id,chapter_id,title,weight,sort_order) values ('hmath2-s1-c3-t1','hmath2-s1-c3','সাধারণ পদ ও নির্দিষ্ট পদ',85,0) on conflict (id) do nothing;
insert into chapters (id,section_id,title,est_mcq,est_sq,sort_order) values ('hmath2-s1-c4','hmath2-s1','কনিক',4,2,3) on conflict (id) do nothing;
insert into topics (id,chapter_id,title,weight,sort_order) values ('hmath2-s1-c4-t1','hmath2-s1-c4','পরাবৃত্ত (Parabola)',80,0) on conflict (id) do nothing;
insert into topics (id,chapter_id,title,weight,sort_order) values ('hmath2-s1-c4-t2','hmath2-s1-c4','উপবৃত্ত ও অধিবৃত্ত',75,1) on conflict (id) do nothing;
insert into chapters (id,section_id,title,est_mcq,est_sq,sort_order) values ('hmath2-s1-c5','hmath2-s1','বিপরীত ত্রিকোণমিতিক ফাংশন ও সমীকরণ',3,1,4) on conflict (id) do nothing;
insert into topics (id,chapter_id,title,weight,sort_order) values ('hmath2-s1-c5-t1','hmath2-s1-c5','ত্রিকোণমিতিক সমীকরণের সাধারণ সমাধান',80,0) on conflict (id) do nothing;
insert into chapters (id,section_id,title,est_mcq,est_sq,sort_order) values ('hmath2-s1-c6','hmath2-s1','স্থিতিবিদ্যা',3,1,5) on conflict (id) do nothing;
insert into topics (id,chapter_id,title,weight,sort_order) values ('hmath2-s1-c6-t1','hmath2-s1-c6','লামির উপপাদ্য ও বলের সাম্য',70,0) on conflict (id) do nothing;
insert into chapters (id,section_id,title,est_mcq,est_sq,sort_order) values ('hmath2-s1-c7','hmath2-s1','বিস্তার পরিমাপ ও সম্ভাবনা',4,2,6) on conflict (id) do nothing;
insert into topics (id,chapter_id,title,weight,sort_order) values ('hmath2-s1-c7-t1','hmath2-s1-c7','পরিমিত ব্যবধান',75,0) on conflict (id) do nothing;
insert into topics (id,chapter_id,title,weight,sort_order) values ('hmath2-s1-c7-t2','hmath2-s1-c7','সম্ভাবনার যোগ ও গুণ বিধি',80,1) on conflict (id) do nothing;

insert into subjects (id,title,short_code,icon_emoji,is_active,rank_science,rank_business,rank_humanities,max_cq,max_mcq,max_sq,cq_value_per_q,sq_value_per_q) values ('bio1','জীববিজ্ঞান ১ম পত্র (উদ্ভিদ)','Biology 1st','🌿',true,7,null,null,50,25,0,10,2) on conflict (id) do nothing;
insert into sections (id,subject_id,title,min_cq_required,total_cq_available,sort_order) values ('bio1-s1','bio1','পূর্ণাঙ্গ সিলেবাস',5,5,0) on conflict (id) do nothing;
insert into chapters (id,section_id,title,est_mcq,est_sq,sort_order) values ('bio1-s1-c1','bio1-s1','কোষ ও এর গঠন',3,1,0) on conflict (id) do nothing;
insert into topics (id,chapter_id,title,weight,sort_order) values ('bio1-s1-c1-t1','bio1-s1-c1','প্লাজমা মেমব্রেন ও মাইটোকন্ড্রিয়া',80,0) on conflict (id) do nothing;
insert into topics (id,chapter_id,title,weight,sort_order) values ('bio1-s1-c1-t2','bio1-s1-c1','প্লাস্টিড ও নিউক্লিয়াস',70,1) on conflict (id) do nothing;
insert into chapters (id,section_id,title,est_mcq,est_sq,sort_order) values ('bio1-s1-c2','bio1-s1','কোষ বিভাজন',4,2,1) on conflict (id) do nothing;
insert into topics (id,chapter_id,title,weight,sort_order) values ('bio1-s1-c2-t1','bio1-s1-c2','মাইটোসিস',85,0) on conflict (id) do nothing;
insert into topics (id,chapter_id,title,weight,sort_order) values ('bio1-s1-c2-t2','bio1-s1-c2','মিয়োসিস',90,1) on conflict (id) do nothing;
insert into chapters (id,section_id,title,est_mcq,est_sq,sort_order) values ('bio1-s1-c3','bio1-s1','কোষ রসায়ন',3,1,2) on conflict (id) do nothing;
insert into topics (id,chapter_id,title,weight,sort_order) values ('bio1-s1-c3-t1','bio1-s1-c3','কার্বোহাইড্রেট ও প্রোটিন',70,0) on conflict (id) do nothing;
insert into topics (id,chapter_id,title,weight,sort_order) values ('bio1-s1-c3-t2','bio1-s1-c3','এনজাইম',65,1) on conflict (id) do nothing;
insert into chapters (id,section_id,title,est_mcq,est_sq,sort_order) values ('bio1-s1-c4','bio1-s1','অণুজীব',3,1,3) on conflict (id) do nothing;
insert into topics (id,chapter_id,title,weight,sort_order) values ('bio1-s1-c4-t1','bio1-s1-c4','ভাইরাস',75,0) on conflict (id) do nothing;
insert into topics (id,chapter_id,title,weight,sort_order) values ('bio1-s1-c4-t2','bio1-s1-c4','ব্যাকটেরিয়া',70,1) on conflict (id) do nothing;
insert into chapters (id,section_id,title,est_mcq,est_sq,sort_order) values ('bio1-s1-c5','bio1-s1','টিস্যু ও টিস্যুতন্ত্র',3,1,4) on conflict (id) do nothing;
insert into topics (id,chapter_id,title,weight,sort_order) values ('bio1-s1-c5-t1','bio1-s1-c5','ভাজক ও স্থায়ী টিস্যু',70,0) on conflict (id) do nothing;
insert into chapters (id,section_id,title,est_mcq,est_sq,sort_order) values ('bio1-s1-c6','bio1-s1','উদ্ভিদ শারীরতত্ত্ব',4,2,5) on conflict (id) do nothing;
insert into topics (id,chapter_id,title,weight,sort_order) values ('bio1-s1-c6-t1','bio1-s1-c6','সালোকসংশ্লেষণ',90,0) on conflict (id) do nothing;
insert into topics (id,chapter_id,title,weight,sort_order) values ('bio1-s1-c6-t2','bio1-s1-c6','শ্বসন',80,1) on conflict (id) do nothing;
insert into topics (id,chapter_id,title,weight,sort_order) values ('bio1-s1-c6-t3','bio1-s1-c6','প্রস্বেদন',60,2) on conflict (id) do nothing;
insert into chapters (id,section_id,title,est_mcq,est_sq,sort_order) values ('bio1-s1-c7','bio1-s1','জীবপ্রযুক্তি',3,1,6) on conflict (id) do nothing;
insert into topics (id,chapter_id,title,weight,sort_order) values ('bio1-s1-c7-t1','bio1-s1-c7','টিস্যু কালচার ও রিকম্বিন্যান্ট DNA',75,0) on conflict (id) do nothing;

insert into subjects (id,title,short_code,icon_emoji,is_active,rank_science,rank_business,rank_humanities,max_cq,max_mcq,max_sq,cq_value_per_q,sq_value_per_q) values ('bio2','জীববিজ্ঞান ২য় পত্র (প্রাণী)','Biology 2nd','🐾',true,8,null,null,50,25,0,10,2) on conflict (id) do nothing;
insert into sections (id,subject_id,title,min_cq_required,total_cq_available,sort_order) values ('bio2-s1','bio2','পূর্ণাঙ্গ সিলেবাস',5,5,0) on conflict (id) do nothing;
insert into chapters (id,section_id,title,est_mcq,est_sq,sort_order) values ('bio2-s1-c1','bio2-s1','প্রাণীর বিভিন্নতা ও শ্রেণিবিন্যাস',3,1,0) on conflict (id) do nothing;
insert into topics (id,chapter_id,title,weight,sort_order) values ('bio2-s1-c1-t1','bio2-s1-c1','পর্ব ও বৈশিষ্ট্য',75,0) on conflict (id) do nothing;
insert into chapters (id,section_id,title,est_mcq,est_sq,sort_order) values ('bio2-s1-c2','bio2-s1','প্রাণীর পরিচিতি (ঘাসফড়িং, রুই মাছ)',4,2,1) on conflict (id) do nothing;
insert into topics (id,chapter_id,title,weight,sort_order) values ('bio2-s1-c2-t1','bio2-s1-c2','ঘাসফড়িং',80,0) on conflict (id) do nothing;
insert into topics (id,chapter_id,title,weight,sort_order) values ('bio2-s1-c2-t2','bio2-s1-c2','রুই মাছ',75,1) on conflict (id) do nothing;
insert into chapters (id,section_id,title,est_mcq,est_sq,sort_order) values ('bio2-s1-c3','bio2-s1','পরিপাক ও শোষণ',3,1,2) on conflict (id) do nothing;
insert into topics (id,chapter_id,title,weight,sort_order) values ('bio2-s1-c3-t1','bio2-s1-c3','পরিপাকতন্ত্র ও এনজাইম',75,0) on conflict (id) do nothing;
insert into chapters (id,section_id,title,est_mcq,est_sq,sort_order) values ('bio2-s1-c4','bio2-s1','রক্ত ও সঞ্চালন',4,2,3) on conflict (id) do nothing;
insert into topics (id,chapter_id,title,weight,sort_order) values ('bio2-s1-c4-t1','bio2-s1-c4','হৃৎপিণ্ড ও কার্ডিয়াক চক্র',90,0) on conflict (id) do nothing;
insert into topics (id,chapter_id,title,weight,sort_order) values ('bio2-s1-c4-t2','bio2-s1-c4','রক্তের উপাদান',70,1) on conflict (id) do nothing;
insert into chapters (id,section_id,title,est_mcq,est_sq,sort_order) values ('bio2-s1-c5','bio2-s1','শ্বসন ও শ্বাসক্রিয়া',3,1,4) on conflict (id) do nothing;
insert into topics (id,chapter_id,title,weight,sort_order) values ('bio2-s1-c5-t1','bio2-s1-c5','শ্বসনতন্ত্র ও গ্যাস বিনিময়',75,0) on conflict (id) do nothing;
insert into chapters (id,section_id,title,est_mcq,est_sq,sort_order) values ('bio2-s1-c6','bio2-s1','সমন্বয় ও নিয়ন্ত্রণ',3,1,5) on conflict (id) do nothing;
insert into topics (id,chapter_id,title,weight,sort_order) values ('bio2-s1-c6-t1','bio2-s1-c6','নিউরন ও স্নায়ু সঞ্চালন',80,0) on conflict (id) do nothing;
insert into chapters (id,section_id,title,est_mcq,est_sq,sort_order) values ('bio2-s1-c7','bio2-s1','জিনতত্ত্ব ও বিবর্তন',4,2,6) on conflict (id) do nothing;
insert into topics (id,chapter_id,title,weight,sort_order) values ('bio2-s1-c7-t1','bio2-s1-c7','মেন্ডেলের সূত্র',90,0) on conflict (id) do nothing;
insert into topics (id,chapter_id,title,weight,sort_order) values ('bio2-s1-c7-t2','bio2-s1-c7','রক্তের গ্রুপ ও সেক্স লিংকড',75,1) on conflict (id) do nothing;

insert into subjects (id,title,short_code,icon_emoji,is_active,rank_science,rank_business,rank_humanities,max_cq,max_mcq,max_sq,cq_value_per_q,sq_value_per_q) values ('ict','তথ্য ও যোগাযোগ প্রযুক্তি','ICT','💻',true,9,9,9,50,25,0,10,2) on conflict (id) do nothing;
insert into sections (id,subject_id,title,min_cq_required,total_cq_available,sort_order) values ('ict-s1','ict','পূর্ণাঙ্গ সিলেবাস',5,6,0) on conflict (id) do nothing;
insert into chapters (id,section_id,title,est_mcq,est_sq,sort_order) values ('ict-s1-c1','ict-s1','বিশ্ব ও বাংলাদেশ প্রেক্ষিত',3,1,0) on conflict (id) do nothing;
insert into topics (id,chapter_id,title,weight,sort_order) values ('ict-s1-c1-t1','ict-s1-c1','বায়োমেট্রিক্স ও বায়োইনফরমেট্রিক্স',70,0) on conflict (id) do nothing;
insert into topics (id,chapter_id,title,weight,sort_order) values ('ict-s1-c1-t2','ict-s1-c1','ভার্চুয়াল রিয়েলিটি ও রোবোটিক্স',65,1) on conflict (id) do nothing;
insert into topics (id,chapter_id,title,weight,sort_order) values ('ict-s1-c1-t3','ict-s1-c1','ন্যানোটেকনোলজি ও জেনেটিক ইঞ্জিনিয়ারিং',60,2) on conflict (id) do nothing;
insert into chapters (id,section_id,title,est_mcq,est_sq,sort_order) values ('ict-s1-c2','ict-s1','কমিউনিকেশন সিস্টেমস ও নেটওয়ার্কিং',4,2,1) on conflict (id) do nothing;
insert into topics (id,chapter_id,title,weight,sort_order) values ('ict-s1-c2-t1','ict-s1-c2','ডেটা ট্রান্সমিশন মোড ও মিডিয়া',80,0) on conflict (id) do nothing;
insert into topics (id,chapter_id,title,weight,sort_order) values ('ict-s1-c2-t2','ict-s1-c2','নেটওয়ার্ক টপোলজি',85,1) on conflict (id) do nothing;
insert into topics (id,chapter_id,title,weight,sort_order) values ('ict-s1-c2-t3','ict-s1-c2','ক্লাউড ও মোবাইল প্রজন্ম',60,2) on conflict (id) do nothing;
insert into chapters (id,section_id,title,est_mcq,est_sq,sort_order) values ('ict-s1-c3','ict-s1','সংখ্যা পদ্ধতি ও ডিজিটাল ডিভাইস',5,2,2) on conflict (id) do nothing;
insert into topics (id,chapter_id,title,weight,sort_order) values ('ict-s1-c3-t1','ict-s1-c3','সংখ্যা পদ্ধতি রূপান্তর',90,0) on conflict (id) do nothing;
insert into topics (id,chapter_id,title,weight,sort_order) values ('ict-s1-c3-t2','ict-s1-c3','লজিক গেইট ও বুলিয়ান অ্যালজেবরা',90,1) on conflict (id) do nothing;
insert into topics (id,chapter_id,title,weight,sort_order) values ('ict-s1-c3-t3','ict-s1-c3','অ্যাডার ও এনকোডার/ডিকোডার',70,2) on conflict (id) do nothing;
insert into chapters (id,section_id,title,est_mcq,est_sq,sort_order) values ('ict-s1-c4','ict-s1','ওয়েব ডিজাইন ও HTML',4,2,3) on conflict (id) do nothing;
insert into topics (id,chapter_id,title,weight,sort_order) values ('ict-s1-c4-t1','ict-s1-c4','HTML ট্যাগ ও টেবিল',85,0) on conflict (id) do nothing;
insert into topics (id,chapter_id,title,weight,sort_order) values ('ict-s1-c4-t2','ict-s1-c4','হাইপারলিংক ও ইমেজ',70,1) on conflict (id) do nothing;
insert into chapters (id,section_id,title,est_mcq,est_sq,sort_order) values ('ict-s1-c5','ict-s1','প্রোগ্রামিং ভাষা (C)',5,2,4) on conflict (id) do nothing;
insert into topics (id,chapter_id,title,weight,sort_order) values ('ict-s1-c5-t1','ict-s1-c5','ডেটা টাইপ ও অপারেটর',80,0) on conflict (id) do nothing;
insert into topics (id,chapter_id,title,weight,sort_order) values ('ict-s1-c5-t2','ict-s1-c5','লুপ ও কন্ডিশন',90,1) on conflict (id) do nothing;
insert into topics (id,chapter_id,title,weight,sort_order) values ('ict-s1-c5-t3','ict-s1-c5','অ্যারে ও ফাংশন',70,2) on conflict (id) do nothing;
insert into chapters (id,section_id,title,est_mcq,est_sq,sort_order) values ('ict-s1-c6','ict-s1','ডেটাবেজ ম্যানেজমেন্ট সিস্টেম',4,2,5) on conflict (id) do nothing;
insert into topics (id,chapter_id,title,weight,sort_order) values ('ict-s1-c6-t1','ict-s1-c6','DBMS ও রিলেশন',80,0) on conflict (id) do nothing;
insert into topics (id,chapter_id,title,weight,sort_order) values ('ict-s1-c6-t2','ict-s1-c6','SQL ও কুয়েরি',75,1) on conflict (id) do nothing;

insert into subjects (id,title,short_code,icon_emoji,is_active,rank_science,rank_business,rank_humanities,max_cq,max_mcq,max_sq,cq_value_per_q,sq_value_per_q) values ('bangla1','বাংলা ১ম পত্র','Bangla 1st','📖',true,10,10,1,50,30,0,10,2) on conflict (id) do nothing;
insert into sections (id,subject_id,title,min_cq_required,total_cq_available,sort_order) values ('bangla1-s1','bangla1','গদ্য',2,4,0) on conflict (id) do nothing;
insert into chapters (id,section_id,title,est_mcq,est_sq,sort_order) values ('bangla1-s1-c1','bangla1-s1','অপরিচিতা — রবীন্দ্রনাথ ঠাকুর',2,1,0) on conflict (id) do nothing;
insert into topics (id,chapter_id,title,weight,sort_order) values ('bangla1-s1-c1-t1','bangla1-s1-c1','অনুপম ও কল্যাণীর চরিত্র',85,0) on conflict (id) do nothing;
insert into topics (id,chapter_id,title,weight,sort_order) values ('bangla1-s1-c1-t2','bangla1-s1-c1','যৌতুক প্রথা',70,1) on conflict (id) do nothing;
insert into chapters (id,section_id,title,est_mcq,est_sq,sort_order) values ('bangla1-s1-c2','bangla1-s1','বিলাসী — শরৎচন্দ্র চট্টোপাধ্যায়',2,1,1) on conflict (id) do nothing;
insert into topics (id,chapter_id,title,weight,sort_order) values ('bangla1-s1-c2-t1','bangla1-s1-c2','মৃত্যুঞ্জয় ও বিলাসী',80,0) on conflict (id) do nothing;
insert into topics (id,chapter_id,title,weight,sort_order) values ('bangla1-s1-c2-t2','bangla1-s1-c2','সমাজ ও কুসংস্কার',65,1) on conflict (id) do nothing;
insert into chapters (id,section_id,title,est_mcq,est_sq,sort_order) values ('bangla1-s1-c3','bangla1-s1','আমার পথ — কাজী নজরুল ইসলাম',1,1,2) on conflict (id) do nothing;
insert into topics (id,chapter_id,title,weight,sort_order) values ('bangla1-s1-c3-t1','bangla1-s1-c3','আত্মনির্ভরতা ও সত্য',75,0) on conflict (id) do nothing;
insert into sections (id,subject_id,title,min_cq_required,total_cq_available,sort_order) values ('bangla1-s2','bangla1','পদ্য',2,4,1) on conflict (id) do nothing;
insert into chapters (id,section_id,title,est_mcq,est_sq,sort_order) values ('bangla1-s2-c1','bangla1-s2','বিদ্রোহী — কাজী নজরুল ইসলাম',2,1,0) on conflict (id) do nothing;
insert into topics (id,chapter_id,title,weight,sort_order) values ('bangla1-s2-c1-t1','bangla1-s2-c1','বিদ্রোহী চেতনা',85,0) on conflict (id) do nothing;
insert into chapters (id,section_id,title,est_mcq,est_sq,sort_order) values ('bangla1-s2-c2','bangla1-s2','সোনার তরী — রবীন্দ্রনাথ ঠাকুর',2,1,1) on conflict (id) do nothing;
insert into topics (id,chapter_id,title,weight,sort_order) values ('bangla1-s2-c2-t1','bangla1-s2-c2','রূপক ও জীবনদর্শন',80,0) on conflict (id) do nothing;
insert into chapters (id,section_id,title,est_mcq,est_sq,sort_order) values ('bangla1-s2-c3','bangla1-s2','তাহারেই পড়ে মনে — সুফিয়া কামাল',1,1,2) on conflict (id) do nothing;
insert into topics (id,chapter_id,title,weight,sort_order) values ('bangla1-s2-c3-t1','bangla1-s2-c3','বিরহ ও প্রকৃতি',65,0) on conflict (id) do nothing;

insert into subjects (id,title,short_code,icon_emoji,is_active,rank_science,rank_business,rank_humanities,max_cq,max_mcq,max_sq,cq_value_per_q,sq_value_per_q) values ('bangla2','বাংলা ২য় পত্র','Bangla 2nd','✍️',true,11,11,2,30,30,40,5,1) on conflict (id) do nothing;
insert into sections (id,subject_id,title,min_cq_required,total_cq_available,sort_order) values ('bangla2-s1','bangla2','ব্যাকরণ ও নির্মিতি',5,6,0) on conflict (id) do nothing;
insert into chapters (id,section_id,title,est_mcq,est_sq,sort_order) values ('bangla2-s1-c1','bangla2-s1','ব্যাকরণিক শব্দশ্রেণি ও বানান',6,4,0) on conflict (id) do nothing;
insert into topics (id,chapter_id,title,weight,sort_order) values ('bangla2-s1-c1-t1','bangla2-s1-c1','বাংলা বানানের নিয়ম',85,0) on conflict (id) do nothing;
insert into topics (id,chapter_id,title,weight,sort_order) values ('bangla2-s1-c1-t2','bangla2-s1-c1','পদ প্রকরণ',75,1) on conflict (id) do nothing;
insert into topics (id,chapter_id,title,weight,sort_order) values ('bangla2-s1-c1-t3','bangla2-s1-c1','ণত্ব ও ষত্ব বিধান',60,2) on conflict (id) do nothing;
insert into chapters (id,section_id,title,est_mcq,est_sq,sort_order) values ('bangla2-s1-c2','bangla2-s1','বাক্য ও প্রয়োগ',5,4,1) on conflict (id) do nothing;
insert into topics (id,chapter_id,title,weight,sort_order) values ('bangla2-s1-c2-t1','bangla2-s1-c2','বাক্য সংকোচন ও বাগধারা',80,0) on conflict (id) do nothing;
insert into topics (id,chapter_id,title,weight,sort_order) values ('bangla2-s1-c2-t2','bangla2-s1-c2','সমাস ও সন্ধি',75,1) on conflict (id) do nothing;
insert into topics (id,chapter_id,title,weight,sort_order) values ('bangla2-s1-c2-t3','bangla2-s1-c2','কারক ও বিভক্তি',70,2) on conflict (id) do nothing;
insert into chapters (id,section_id,title,est_mcq,est_sq,sort_order) values ('bangla2-s1-c3','bangla2-s1','নির্মিতি (রচনা ও পত্র)',0,0,2) on conflict (id) do nothing;
insert into topics (id,chapter_id,title,weight,sort_order) values ('bangla2-s1-c3-t1','bangla2-s1-c3','প্রবন্ধ রচনা',80,0) on conflict (id) do nothing;
insert into topics (id,chapter_id,title,weight,sort_order) values ('bangla2-s1-c3-t2','bangla2-s1-c3','সারমর্ম ও সারাংশ',70,1) on conflict (id) do nothing;
insert into topics (id,chapter_id,title,weight,sort_order) values ('bangla2-s1-c3-t3','bangla2-s1-c3','দরখাস্ত ও প্রতিবেদন',65,2) on conflict (id) do nothing;

insert into subjects (id,title,short_code,icon_emoji,is_active,rank_science,rank_business,rank_humanities,max_cq,max_mcq,max_sq,cq_value_per_q,sq_value_per_q) values ('english1','English 1st Paper','English 1st','🔤',true,12,12,3,0,0,100,10,1) on conflict (id) do nothing;
insert into sections (id,subject_id,title,min_cq_required,total_cq_available,sort_order) values ('english1-s1','english1','Seen & Unseen',0,0,0) on conflict (id) do nothing;
insert into chapters (id,section_id,title,est_mcq,est_sq,sort_order) values ('english1-s1-c1','english1-s1','Seen Comprehension (Units)',0,30,0) on conflict (id) do nothing;
insert into topics (id,chapter_id,title,weight,sort_order) values ('english1-s1-c1-t1','english1-s1-c1','MCQ & Q&A from text',85,0) on conflict (id) do nothing;
insert into topics (id,chapter_id,title,weight,sort_order) values ('english1-s1-c1-t2','english1-s1-c1','Information transfer / Flow chart',70,1) on conflict (id) do nothing;
insert into chapters (id,section_id,title,est_mcq,est_sq,sort_order) values ('english1-s1-c2','english1-s1','Unseen / Cloze Test',0,25,1) on conflict (id) do nothing;
insert into topics (id,chapter_id,title,weight,sort_order) values ('english1-s1-c2-t1','english1-s1-c2','Cloze test (with & without clues)',80,0) on conflict (id) do nothing;
insert into topics (id,chapter_id,title,weight,sort_order) values ('english1-s1-c2-t2','english1-s1-c2','Rearranging & Summarizing',70,1) on conflict (id) do nothing;
insert into chapters (id,section_id,title,est_mcq,est_sq,sort_order) values ('english1-s1-c3','english1-s1','Writing',0,45,2) on conflict (id) do nothing;
insert into topics (id,chapter_id,title,weight,sort_order) values ('english1-s1-c3-t1','english1-s1-c3','Paragraph',80,0) on conflict (id) do nothing;
insert into topics (id,chapter_id,title,weight,sort_order) values ('english1-s1-c3-t2','english1-s1-c3','Story / Completing story',70,1) on conflict (id) do nothing;
insert into topics (id,chapter_id,title,weight,sort_order) values ('english1-s1-c3-t3','english1-s1-c3','Email & Graph description',65,2) on conflict (id) do nothing;

insert into subjects (id,title,short_code,icon_emoji,is_active,rank_science,rank_business,rank_humanities,max_cq,max_mcq,max_sq,cq_value_per_q,sq_value_per_q) values ('english2','English 2nd Paper','English 2nd','📝',true,13,13,4,0,0,100,10,1) on conflict (id) do nothing;
insert into sections (id,subject_id,title,min_cq_required,total_cq_available,sort_order) values ('english2-s1','english2','Grammar & Composition',0,0,0) on conflict (id) do nothing;
insert into chapters (id,section_id,title,est_mcq,est_sq,sort_order) values ('english2-s1-c1','english2-s1','Grammar',0,60,0) on conflict (id) do nothing;
insert into topics (id,chapter_id,title,weight,sort_order) values ('english2-s1-c1-t1','english2-s1-c1','Right form of verbs',85,0) on conflict (id) do nothing;
insert into topics (id,chapter_id,title,weight,sort_order) values ('english2-s1-c1-t2','english2-s1-c1','Preposition & Articles',80,1) on conflict (id) do nothing;
insert into topics (id,chapter_id,title,weight,sort_order) values ('english2-s1-c1-t3','english2-s1-c1','Transformation & Narration',75,2) on conflict (id) do nothing;
insert into topics (id,chapter_id,title,weight,sort_order) values ('english2-s1-c1-t4','english2-s1-c1','Modifiers & Connectors',70,3) on conflict (id) do nothing;
insert into chapters (id,section_id,title,est_mcq,est_sq,sort_order) values ('english2-s1-c2','english2-s1','Composition',0,40,1) on conflict (id) do nothing;
insert into topics (id,chapter_id,title,weight,sort_order) values ('english2-s1-c2-t1','english2-s1-c2','Application & CV',80,0) on conflict (id) do nothing;
insert into topics (id,chapter_id,title,weight,sort_order) values ('english2-s1-c2-t2','english2-s1-c2','Paragraph & Essay',75,1) on conflict (id) do nothing;
insert into topics (id,chapter_id,title,weight,sort_order) values ('english2-s1-c2-t3','english2-s1-c2','Report writing',65,2) on conflict (id) do nothing;

insert into subjects (id,title,short_code,icon_emoji,is_active,rank_science,rank_business,rank_humanities,max_cq,max_mcq,max_sq,cq_value_per_q,sq_value_per_q) values ('acc1','হিসাববিজ্ঞান ১ম পত্র','Accounting 1st','🧾',true,null,1,null,70,30,0,10,2) on conflict (id) do nothing;
insert into sections (id,subject_id,title,min_cq_required,total_cq_available,sort_order) values ('acc1-s1','acc1','পূর্ণাঙ্গ সিলেবাস',7,8,0) on conflict (id) do nothing;
insert into chapters (id,section_id,title,est_mcq,est_sq,sort_order) values ('acc1-s1-c1','acc1-s1','হিসাববিজ্ঞান পরিচিতি',3,1,0) on conflict (id) do nothing;
insert into topics (id,chapter_id,title,weight,sort_order) values ('acc1-s1-c1-t1','acc1-s1-c1','হিসাববিজ্ঞানের উদ্দেশ্য ও পরিধি',60,0) on conflict (id) do nothing;
insert into chapters (id,section_id,title,est_mcq,est_sq,sort_order) values ('acc1-s1-c2','acc1-s1','লেনদেন',3,1,1) on conflict (id) do nothing;
insert into topics (id,chapter_id,title,weight,sort_order) values ('acc1-s1-c2-t1','acc1-s1-c2','লেনদেনের বৈশিষ্ট্য',70,0) on conflict (id) do nothing;
insert into topics (id,chapter_id,title,weight,sort_order) values ('acc1-s1-c2-t2','acc1-s1-c2','দুতরফা দাখিলা',80,1) on conflict (id) do nothing;
insert into chapters (id,section_id,title,est_mcq,est_sq,sort_order) values ('acc1-s1-c3','acc1-s1','হিসাবের বইসমূহ — জাবেদা',4,2,2) on conflict (id) do nothing;
insert into topics (id,chapter_id,title,weight,sort_order) values ('acc1-s1-c3-t1','acc1-s1-c3','সাধারণ জাবেদা',85,0) on conflict (id) do nothing;
insert into topics (id,chapter_id,title,weight,sort_order) values ('acc1-s1-c3-t2','acc1-s1-c3','বিশেষ জাবেদা',75,1) on conflict (id) do nothing;
insert into chapters (id,section_id,title,est_mcq,est_sq,sort_order) values ('acc1-s1-c4','acc1-s1','খতিয়ান',3,2,3) on conflict (id) do nothing;
insert into topics (id,chapter_id,title,weight,sort_order) values ('acc1-s1-c4-t1','acc1-s1-c4','খতিয়ান প্রস্তুত ও জের নির্ণয়',85,0) on conflict (id) do nothing;
insert into chapters (id,section_id,title,est_mcq,est_sq,sort_order) values ('acc1-s1-c5','acc1-s1','নগদান বই',3,2,4) on conflict (id) do nothing;
insert into topics (id,chapter_id,title,weight,sort_order) values ('acc1-s1-c5-t1','acc1-s1-c5','তিন ঘরা নগদান বই',80,0) on conflict (id) do nothing;
insert into topics (id,chapter_id,title,weight,sort_order) values ('acc1-s1-c5-t2','acc1-s1-c5','ব্যাংক সমন্বয় বিবরণী',85,1) on conflict (id) do nothing;
insert into chapters (id,section_id,title,est_mcq,est_sq,sort_order) values ('acc1-s1-c6','acc1-s1','রেওয়ামিল',3,2,5) on conflict (id) do nothing;
insert into topics (id,chapter_id,title,weight,sort_order) values ('acc1-s1-c6-t1','acc1-s1-c6','রেওয়ামিল প্রস্তুত ও ভুল সংশোধন',90,0) on conflict (id) do nothing;
insert into chapters (id,section_id,title,est_mcq,est_sq,sort_order) values ('acc1-s1-c7','acc1-s1','হিসাববিজ্ঞানের নীতিমালা ও কার্যপ্রণালী',3,1,6) on conflict (id) do nothing;
insert into topics (id,chapter_id,title,weight,sort_order) values ('acc1-s1-c7-t1','acc1-s1-c7','হিসাবচক্র',65,0) on conflict (id) do nothing;

insert into subjects (id,title,short_code,icon_emoji,is_active,rank_science,rank_business,rank_humanities,max_cq,max_mcq,max_sq,cq_value_per_q,sq_value_per_q) values ('acc2','হিসাববিজ্ঞান ২য় পত্র','Accounting 2nd','📒',true,null,2,null,70,30,0,10,2) on conflict (id) do nothing;
insert into sections (id,subject_id,title,min_cq_required,total_cq_available,sort_order) values ('acc2-s1','acc2','পূর্ণাঙ্গ সিলেবাস',7,8,0) on conflict (id) do nothing;
insert into chapters (id,section_id,title,est_mcq,est_sq,sort_order) values ('acc2-s1-c1','acc2-s1','আর্থিক বিবরণী',4,2,0) on conflict (id) do nothing;
insert into topics (id,chapter_id,title,weight,sort_order) values ('acc2-s1-c1-t1','acc2-s1-c1','আয় বিবরণী ও উদ্বৃত্তপত্র',90,0) on conflict (id) do nothing;
insert into topics (id,chapter_id,title,weight,sort_order) values ('acc2-s1-c1-t2','acc2-s1-c1','সমন্বয় দাখিলা',85,1) on conflict (id) do nothing;
insert into chapters (id,section_id,title,est_mcq,est_sq,sort_order) values ('acc2-s1-c2','acc2-s1','কু-ঋণ ও প্রাপ্য বিল',3,1,1) on conflict (id) do nothing;
insert into topics (id,chapter_id,title,weight,sort_order) values ('acc2-s1-c2-t1','acc2-s1-c2','প্রাপ্য হিসাব ও কু-ঋণ সঞ্চিতি',75,0) on conflict (id) do nothing;
insert into chapters (id,section_id,title,est_mcq,est_sq,sort_order) values ('acc2-s1-c3','acc2-s1','অবচয়',4,2,2) on conflict (id) do nothing;
insert into topics (id,chapter_id,title,weight,sort_order) values ('acc2-s1-c3-t1','acc2-s1-c3','সরল রৈখিক ও ক্রমহ্রাসমান পদ্ধতি',85,0) on conflict (id) do nothing;
insert into chapters (id,section_id,title,est_mcq,est_sq,sort_order) values ('acc2-s1-c4','acc2-s1','যৌথ মূলধনী কোম্পানির মূলধন',4,2,3) on conflict (id) do nothing;
insert into topics (id,chapter_id,title,weight,sort_order) values ('acc2-s1-c4-t1','acc2-s1-c4','শেয়ার ইস্যু ও বাজেয়াপ্তকরণ',80,0) on conflict (id) do nothing;
insert into chapters (id,section_id,title,est_mcq,est_sq,sort_order) values ('acc2-s1-c5','acc2-s1','উৎপাদন ব্যয় হিসাব',3,1,4) on conflict (id) do nothing;
insert into topics (id,chapter_id,title,weight,sort_order) values ('acc2-s1-c5-t1','acc2-s1-c5','উৎপাদন ব্যয় বিবরণী',80,0) on conflict (id) do nothing;
insert into chapters (id,section_id,title,est_mcq,est_sq,sort_order) values ('acc2-s1-c6','acc2-s1','আর্থিক বিবরণী বিশ্লেষণ (অনুপাত)',3,1,5) on conflict (id) do nothing;
insert into topics (id,chapter_id,title,weight,sort_order) values ('acc2-s1-c6-t1','acc2-s1-c6','তারল্য ও মুনাফা অনুপাত',75,0) on conflict (id) do nothing;

insert into subjects (id,title,short_code,icon_emoji,is_active,rank_science,rank_business,rank_humanities,max_cq,max_mcq,max_sq,cq_value_per_q,sq_value_per_q) values ('fin1','ফিন্যান্স, ব্যাংকিং ও বিমা ১ম পত্র','Finance 1st','🏦',true,null,3,null,70,30,0,10,2) on conflict (id) do nothing;
insert into sections (id,subject_id,title,min_cq_required,total_cq_available,sort_order) values ('fin1-s1','fin1','পূর্ণাঙ্গ সিলেবাস',7,8,0) on conflict (id) do nothing;
insert into chapters (id,section_id,title,est_mcq,est_sq,sort_order) values ('fin1-s1-c1','fin1-s1','অর্থায়নের সূচনা',3,1,0) on conflict (id) do nothing;
insert into topics (id,chapter_id,title,weight,sort_order) values ('fin1-s1-c1-t1','fin1-s1-c1','অর্থায়নের লক্ষ্য ও নীতি',65,0) on conflict (id) do nothing;
insert into chapters (id,section_id,title,est_mcq,est_sq,sort_order) values ('fin1-s1-c2','fin1-s1','অর্থের সময়মূল্য',4,2,1) on conflict (id) do nothing;
insert into topics (id,chapter_id,title,weight,sort_order) values ('fin1-s1-c2-t1','fin1-s1-c2','বর্তমান ও ভবিষ্যৎ মূল্য',90,0) on conflict (id) do nothing;
insert into topics (id,chapter_id,title,weight,sort_order) values ('fin1-s1-c2-t2','fin1-s1-c2','বার্ষিক বৃত্তি (Annuity)',80,1) on conflict (id) do nothing;
insert into chapters (id,section_id,title,est_mcq,est_sq,sort_order) values ('fin1-s1-c3','fin1-s1','ঝুঁকি ও মুনাফার হার',3,1,2) on conflict (id) do nothing;
insert into topics (id,chapter_id,title,weight,sort_order) values ('fin1-s1-c3-t1','fin1-s1-c3','ঝুঁকি পরিমাপ ও বৈচিত্র্যায়ন',75,0) on conflict (id) do nothing;
insert into chapters (id,section_id,title,est_mcq,est_sq,sort_order) values ('fin1-s1-c4','fin1-s1','মূলধন বাজেটিং',4,2,3) on conflict (id) do nothing;
insert into topics (id,chapter_id,title,weight,sort_order) values ('fin1-s1-c4-t1','fin1-s1-c4','NPV ও IRR',85,0) on conflict (id) do nothing;
insert into topics (id,chapter_id,title,weight,sort_order) values ('fin1-s1-c4-t2','fin1-s1-c4','পরিশোধকাল',70,1) on conflict (id) do nothing;
insert into chapters (id,section_id,title,est_mcq,est_sq,sort_order) values ('fin1-s1-c5','fin1-s1','মূলধন ব্যয়',3,1,4) on conflict (id) do nothing;
insert into topics (id,chapter_id,title,weight,sort_order) values ('fin1-s1-c5-t1','fin1-s1-c5','ভারিত গড় মূলধন ব্যয় (WACC)',80,0) on conflict (id) do nothing;
insert into chapters (id,section_id,title,est_mcq,est_sq,sort_order) values ('fin1-s1-c6','fin1-s1','স্বল্প ও দীর্ঘমেয়াদি অর্থায়ন',3,1,5) on conflict (id) do nothing;
insert into topics (id,chapter_id,title,weight,sort_order) values ('fin1-s1-c6-t1','fin1-s1-c6','উৎস ও বৈশিষ্ট্য',60,0) on conflict (id) do nothing;

insert into subjects (id,title,short_code,icon_emoji,is_active,rank_science,rank_business,rank_humanities,max_cq,max_mcq,max_sq,cq_value_per_q,sq_value_per_q) values ('bom','ব্যবসায় সংগঠন ও ব্যবস্থাপনা','Business Org. & Mgmt','🏢',true,null,4,null,70,30,0,10,2) on conflict (id) do nothing;
insert into sections (id,subject_id,title,min_cq_required,total_cq_available,sort_order) values ('bom-s1','bom','পূর্ণাঙ্গ সিলেবাস',7,8,0) on conflict (id) do nothing;
insert into chapters (id,section_id,title,est_mcq,est_sq,sort_order) values ('bom-s1-c1','bom-s1','ব্যবসায় পরিচিতি',3,1,0) on conflict (id) do nothing;
insert into topics (id,chapter_id,title,weight,sort_order) values ('bom-s1-c1-t1','bom-s1-c1','ব্যবসায়ের পরিবেশ',65,0) on conflict (id) do nothing;
insert into chapters (id,section_id,title,est_mcq,est_sq,sort_order) values ('bom-s1-c2','bom-s1','একমালিকানা ও অংশীদারি কারবার',4,2,1) on conflict (id) do nothing;
insert into topics (id,chapter_id,title,weight,sort_order) values ('bom-s1-c2-t1','bom-s1-c2','অংশীদারি চুক্তি ও বৈশিষ্ট্য',80,0) on conflict (id) do nothing;
insert into chapters (id,section_id,title,est_mcq,est_sq,sort_order) values ('bom-s1-c3','bom-s1','যৌথ মূলধনী ব্যবসায়',4,2,2) on conflict (id) do nothing;
insert into topics (id,chapter_id,title,weight,sort_order) values ('bom-s1-c3-t1','bom-s1-c3','কোম্পানি গঠন ও দলিল',85,0) on conflict (id) do nothing;
insert into chapters (id,section_id,title,est_mcq,est_sq,sort_order) values ('bom-s1-c4','bom-s1','ব্যবস্থাপনার ধারণা ও নীতি',3,1,3) on conflict (id) do nothing;
insert into topics (id,chapter_id,title,weight,sort_order) values ('bom-s1-c4-t1','bom-s1-c4','ফেয়লের নীতি',75,0) on conflict (id) do nothing;
insert into chapters (id,section_id,title,est_mcq,est_sq,sort_order) values ('bom-s1-c5','bom-s1','পরিকল্পনা ও সংগঠিতকরণ',3,2,4) on conflict (id) do nothing;
insert into topics (id,chapter_id,title,weight,sort_order) values ('bom-s1-c5-t1','bom-s1-c5','সংগঠন কাঠামো',70,0) on conflict (id) do nothing;
insert into chapters (id,section_id,title,est_mcq,est_sq,sort_order) values ('bom-s1-c6','bom-s1','নেতৃত্ব ও প্রেষণা',3,1,5) on conflict (id) do nothing;
insert into topics (id,chapter_id,title,weight,sort_order) values ('bom-s1-c6-t1','bom-s1-c6','প্রেষণা তত্ত্ব (Maslow)',80,0) on conflict (id) do nothing;

insert into subjects (id,title,short_code,icon_emoji,is_active,rank_science,rank_business,rank_humanities,max_cq,max_mcq,max_sq,cq_value_per_q,sq_value_per_q) values ('econ','অর্থনীতি','Economics','📈',true,null,5,5,50,25,0,10,2) on conflict (id) do nothing;
insert into sections (id,subject_id,title,min_cq_required,total_cq_available,sort_order) values ('econ-s1','econ','ব্যষ্টিক ও সামষ্টিক অর্থনীতি',5,6,0) on conflict (id) do nothing;
insert into chapters (id,section_id,title,est_mcq,est_sq,sort_order) values ('econ-s1-c1','econ-s1','মৌলিক অর্থনৈতিক সমস্যা',3,1,0) on conflict (id) do nothing;
insert into topics (id,chapter_id,title,weight,sort_order) values ('econ-s1-c1-t1','econ-s1-c1','উৎপাদন সম্ভাবনা রেখা',70,0) on conflict (id) do nothing;
insert into chapters (id,section_id,title,est_mcq,est_sq,sort_order) values ('econ-s1-c2','econ-s1','চাহিদা, যোগান ও ভারসাম্য',4,2,1) on conflict (id) do nothing;
insert into topics (id,chapter_id,title,weight,sort_order) values ('econ-s1-c2-t1','econ-s1-c2','চাহিদা বিধি ও স্থিতিস্থাপকতা',90,0) on conflict (id) do nothing;
insert into topics (id,chapter_id,title,weight,sort_order) values ('econ-s1-c2-t2','econ-s1-c2','ভারসাম্য দাম নির্ধারণ',80,1) on conflict (id) do nothing;
insert into chapters (id,section_id,title,est_mcq,est_sq,sort_order) values ('econ-s1-c3','econ-s1','উৎপাদন ও উৎপাদন ব্যয়',3,2,2) on conflict (id) do nothing;
insert into topics (id,chapter_id,title,weight,sort_order) values ('econ-s1-c3-t1','econ-s1-c3','উৎপাদন অপেক্ষক ও বিধি',80,0) on conflict (id) do nothing;
insert into chapters (id,section_id,title,est_mcq,est_sq,sort_order) values ('econ-s1-c4','econ-s1','বাজার',3,1,3) on conflict (id) do nothing;
insert into topics (id,chapter_id,title,weight,sort_order) values ('econ-s1-c4-t1','econ-s1-c4','পূর্ণ প্রতিযোগিতা ও একচেটিয়া বাজার',75,0) on conflict (id) do nothing;
insert into chapters (id,section_id,title,est_mcq,est_sq,sort_order) values ('econ-s1-c5','econ-s1','জাতীয় আয় ও এর পরিমাপ',3,1,4) on conflict (id) do nothing;
insert into topics (id,chapter_id,title,weight,sort_order) values ('econ-s1-c5-t1','econ-s1-c5','GDP ও GNP গণনা',80,0) on conflict (id) do nothing;
insert into chapters (id,section_id,title,est_mcq,est_sq,sort_order) values ('econ-s1-c6','econ-s1','বাংলাদেশের অর্থনীতি',3,1,5) on conflict (id) do nothing;
insert into topics (id,chapter_id,title,weight,sort_order) values ('econ-s1-c6-t1','econ-s1-c6','কৃষি ও শিল্প খাত',60,0) on conflict (id) do nothing;

insert into subjects (id,title,short_code,icon_emoji,is_active,rank_science,rank_business,rank_humanities,max_cq,max_mcq,max_sq,cq_value_per_q,sq_value_per_q) values ('civics','পৌরনীতি ও সুশাসন','Civics & Good Governance','⚖️',true,null,null,6,50,25,0,10,2) on conflict (id) do nothing;
insert into sections (id,subject_id,title,min_cq_required,total_cq_available,sort_order) values ('civics-s1','civics','পূর্ণাঙ্গ সিলেবাস',5,6,0) on conflict (id) do nothing;
insert into chapters (id,section_id,title,est_mcq,est_sq,sort_order) values ('civics-s1-c1','civics-s1','পৌরনীতি ও সুশাসন পরিচিতি',3,1,0) on conflict (id) do nothing;
insert into topics (id,chapter_id,title,weight,sort_order) values ('civics-s1-c1-t1','civics-s1-c1','সুশাসনের উপাদান',80,0) on conflict (id) do nothing;
insert into chapters (id,section_id,title,est_mcq,est_sq,sort_order) values ('civics-s1-c2','civics-s1','নাগরিকতা',3,1,1) on conflict (id) do nothing;
insert into topics (id,chapter_id,title,weight,sort_order) values ('civics-s1-c2-t1','civics-s1-c2','নাগরিকের অধিকার ও কর্তব্য',75,0) on conflict (id) do nothing;
insert into chapters (id,section_id,title,est_mcq,est_sq,sort_order) values ('civics-s1-c3','civics-s1','রাষ্ট্র ও সরকার',4,2,2) on conflict (id) do nothing;
insert into topics (id,chapter_id,title,weight,sort_order) values ('civics-s1-c3-t1','civics-s1-c3','সরকারের অঙ্গসমূহ',80,0) on conflict (id) do nothing;
insert into topics (id,chapter_id,title,weight,sort_order) values ('civics-s1-c3-t2','civics-s1-c3','গণতন্ত্র ও স্বৈরতন্ত্র',70,1) on conflict (id) do nothing;
insert into chapters (id,section_id,title,est_mcq,est_sq,sort_order) values ('civics-s1-c4','civics-s1','আইন, স্বাধীনতা ও সাম্য',3,1,3) on conflict (id) do nothing;
insert into topics (id,chapter_id,title,weight,sort_order) values ('civics-s1-c4-t1','civics-s1-c4','আইনের উৎস ও শ্রেণিবিভাগ',70,0) on conflict (id) do nothing;
insert into chapters (id,section_id,title,est_mcq,est_sq,sort_order) values ('civics-s1-c5','civics-s1','নির্বাচন ও জনমত',3,1,4) on conflict (id) do nothing;
insert into topics (id,chapter_id,title,weight,sort_order) values ('civics-s1-c5-t1','civics-s1-c5','নির্বাচন কমিশন ও ভোটাধিকার',70,0) on conflict (id) do nothing;
insert into chapters (id,section_id,title,est_mcq,est_sq,sort_order) values ('civics-s1-c6','civics-s1','সংবিধান',3,1,5) on conflict (id) do nothing;
insert into topics (id,chapter_id,title,weight,sort_order) values ('civics-s1-c6-t1','civics-s1-c6','বাংলাদেশের সংবিধানের বৈশিষ্ট্য',80,0) on conflict (id) do nothing;

insert into subjects (id,title,short_code,icon_emoji,is_active,rank_science,rank_business,rank_humanities,max_cq,max_mcq,max_sq,cq_value_per_q,sq_value_per_q) values ('logic','যুক্তিবিদ্যা','Logic','🧠',true,null,null,7,50,25,0,10,2) on conflict (id) do nothing;
insert into sections (id,subject_id,title,min_cq_required,total_cq_available,sort_order) values ('logic-s1','logic','পূর্ণাঙ্গ সিলেবাস',5,6,0) on conflict (id) do nothing;
insert into chapters (id,section_id,title,est_mcq,est_sq,sort_order) values ('logic-s1-c1','logic-s1','যুক্তিবিদ্যার স্বরূপ',3,1,0) on conflict (id) do nothing;
insert into topics (id,chapter_id,title,weight,sort_order) values ('logic-s1-c1-t1','logic-s1-c1','যুক্তিবিদ্যার সংজ্ঞা ও পরিধি',65,0) on conflict (id) do nothing;
insert into chapters (id,section_id,title,est_mcq,est_sq,sort_order) values ('logic-s1-c2','logic-s1','পদ ও যুক্তিবাক্য',4,2,1) on conflict (id) do nothing;
insert into topics (id,chapter_id,title,weight,sort_order) values ('logic-s1-c2-t1','logic-s1-c2','পদের ব্যক্ত্যর্থ ও জাত্যর্থ',75,0) on conflict (id) do nothing;
insert into topics (id,chapter_id,title,weight,sort_order) values ('logic-s1-c2-t2','logic-s1-c2','যুক্তিবাক্যের শ্রেণিবিভাগ',80,1) on conflict (id) do nothing;
insert into chapters (id,section_id,title,est_mcq,est_sq,sort_order) values ('logic-s1-c3','logic-s1','অমাধ্যম ও মাধ্যম অনুমান',4,2,2) on conflict (id) do nothing;
insert into topics (id,chapter_id,title,weight,sort_order) values ('logic-s1-c3-t1','logic-s1-c3','আবর্তন ও প্রতিবর্তন',85,0) on conflict (id) do nothing;
insert into topics (id,chapter_id,title,weight,sort_order) values ('logic-s1-c3-t2','logic-s1-c3','ন্যায় অনুমান',80,1) on conflict (id) do nothing;
insert into chapters (id,section_id,title,est_mcq,est_sq,sort_order) values ('logic-s1-c4','logic-s1','আরোহ অনুমান',3,1,3) on conflict (id) do nothing;
insert into topics (id,chapter_id,title,weight,sort_order) values ('logic-s1-c4-t1','logic-s1-c4','কারণ ও মিলের পদ্ধতি',75,0) on conflict (id) do nothing;
insert into chapters (id,section_id,title,est_mcq,est_sq,sort_order) values ('logic-s1-c5','logic-s1','অনুমান-সম্পর্কিত অনুপপত্তি',3,1,4) on conflict (id) do nothing;
insert into topics (id,chapter_id,title,weight,sort_order) values ('logic-s1-c5-t1','logic-s1-c5','অবৈধ সামান্যীকরণ',60,0) on conflict (id) do nothing;

commit;